train/mean_token_accuracy,_runtime,train/epoch,train/entropy,train/global_step,_timestamp,train/loss,train/grad_norm,train/learning_rate,_step,train/num_tokens
0.5769768103957176,39.031504921,0.07272727272727272,1.7825047373771667,10,1764931415.3241706,2.4255,1.2087153196334839,3.6e-05,0,80756.0
0.6129133731126786,67.404480332,0.14545454545454545,1.891254112124443,20,1764931443.6966896,2.0344,0.6527363657951355,7.6e-05,1,162156.0
0.6536797940731048,91.50922215,0.21818181818181817,1.7060634657740592,30,1764931467.8021479,1.6755,0.44410035014152527,0.000116,2,241094.0
0.6757461972534656,114.056320326,0.2909090909090909,1.5787025451660157,40,1764931490.3494945,1.5372,0.37091127038002014,0.00015600000000000002,3,321962.0
0.6903937958180905,138.567284094,0.36363636363636365,1.4794935032725334,50,1764931514.8603668,1.4601,0.36134475469589233,0.000196,4,402547.0
0.69355633482337,167.074283135,0.43636363636363634,1.455286404490471,60,1764931543.367334,1.4253,0.48798221349716187,0.00019963636363636364,5,481301.0
0.7028735630214215,195.469667901,0.509090909090909,1.3685057938098908,70,1764931571.7622566,1.3679,0.36788222193717957,0.00019923232323232324,6,562738.0
0.7106870613992214,219.484341621,0.5818181818181818,1.3391630448400975,80,1764931595.7773788,1.3377,0.41930049657821655,0.00019882828282828284,7,646253.0
0.7075532399117946,242.422564599,0.6545454545454545,1.35617218837142,90,1764931618.715837,1.3449,0.41404595971107483,0.00019842424242424243,8,726346.0
0.7143088236451149,265.271801166,0.7272727272727273,1.3142634890973568,100,1764931641.5650575,1.3009,0.3999936282634735,0.00019802020202020203,9,808870.0
0.7213593639433384,287.6225583,0.8,1.2845578026026487,110,1764931663.9156468,1.2713,0.4195438325405121,0.00019761616161616163,10,890959.0
0.7272020243108273,310.121289634,0.8727272727272727,1.2404926881194114,120,1764931686.4145741,1.2292,0.38172003626823425,0.00019721212121212123,11,972281.0
0.7266626432538033,332.098289102,0.9454545454545454,1.2480270761996508,130,1764931708.3911457,1.2363,0.3833260238170624,0.00019680808080808082,12,1052353.0
0.7341871551777187,352.799997309,1.0145454545454546,1.2229266362754923,140,1764931729.0932052,1.1915,0.38786837458610535,0.00019640404040404042,13,1128454.0
0.7454000882804394,374.536578144,1.0872727272727274,1.1644715748727321,150,1764931750.829821,1.1607,0.42404621839523315,0.000196,14,1209044.0
0.7482669658958911,396.647053469,1.16,1.143994827568531,160,1764931772.9401793,1.1281,0.40585753321647644,0.0001955959595959596,15,1289158.0
0.7467349097132683,418.422363693,1.2327272727272727,1.1658882282674312,170,1764931794.7157135,1.1451,0.40051475167274475,0.0001951919191919192,16,1373538.0
0.7413385964930057,440.343092792,1.3054545454545454,1.173149687796831,180,1764931816.6363602,1.1474,0.4357587397098541,0.00019478787878787881,17,1454071.0
0.7423626810312272,476.159768712,1.3781818181818182,1.1855822674930097,190,1764931852.453006,1.1667,0.4639877378940582,0.0001943838383838384,18,1535037.0
0.7526118911802768,502.338240243,1.450909090909091,1.1441467843949795,200,1764931878.6301026,1.1137,0.4279484748840332,0.00019397979797979798,19,1615524.0
0.7614144027233124,534.758283328,1.5236363636363637,1.082917830348015,210,1764931911.0493474,1.059,0.4447144567966461,0.00019357575757575758,20,1694753.0
0.7506709076464176,561.800552589,1.5963636363636362,1.1327899560332297,220,1764931938.0937788,1.1137,0.4723746180534363,0.00019317171717171718,21,1775858.0
0.7512842893600464,587.825307245,1.669090909090909,1.1326808847486973,230,1764931964.117884,1.1151,0.45834723114967346,0.00019276767676767678,22,1857775.0
0.7586735092103482,615.962241168,1.7418181818181817,1.120798074454069,240,1764931992.2546024,1.0856,0.3977617919445038,0.00019236363636363637,23,1939330.0
0.7549071304500103,643.333240895,1.8145454545454545,1.1370994053781032,250,1764932019.624115,1.1032,0.42668643593788147,0.00019195959595959597,24,2020617.0
0.7506950691342353,667.932390885,1.8872727272727272,1.1312142319977283,260,1764932044.2257075,1.1196,0.4564923346042633,0.00019155555555555554,25,2101690.0
0.767522718012333,690.624654461,1.96,1.0432454250752925,270,1764932066.9178283,1.0396,0.4533178210258484,0.00019115151515151517,26,2181610.0
0.7702425357542539,710.819124653,2.0290909090909093,1.0745334291928692,280,1764932087.1123967,1.0207,0.42793136835098267,0.00019074747474747477,27,2257246.0
0.7764044120907784,731.254830001,2.101818181818182,1.0149544343352317,290,1764932107.5481498,0.977,0.46304580569267273,0.00019034343434343436,28,2338787.0
0.7883955851197243,752.368981896,2.174545454545455,0.9622361280024052,300,1764932128.662101,0.9281,0.4869586229324341,0.00018993939393939396,29,2418304.0
0.7942734904587269,774.184392962,2.247272727272727,0.954533776268363,310,1764932150.4773211,0.9138,0.45453083515167236,0.00018953535353535353,30,2499526.0
0.7934212245047092,795.629915751,2.32,0.9504820946604013,320,1764932171.9231226,0.9059,0.5537910461425781,0.00018913131313131313,31,2580242.0
0.787227513641119,817.194402664,2.3927272727272726,0.9777026131749154,330,1764932193.4876642,0.9423,0.4852175712585449,0.00018872727272727273,32,2660658.0
0.7917316444218159,838.602545624,2.4654545454545453,0.9383031738922,340,1764932214.895677,0.902,0.5189666748046875,0.00018832323232323233,33,2742581.0
0.7902898907661438,860.846529321,2.538181818181818,0.95273272767663,350,1764932237.139776,0.9191,0.514281153678894,0.00018791919191919195,34,2822213.0
0.7826669685542583,881.846555197,2.610909090909091,0.9958150282502174,360,1764932258.1397867,0.9635,0.5478718280792236,0.00018751515151515152,35,2903901.0
0.7851832799613476,902.398675509,2.6836363636363636,0.9790198639035225,370,1764932278.6915212,0.9408,0.4951696991920471,0.00018711111111111112,36,2986148.0
0.8009982854127884,922.729667628,2.7563636363636363,0.9039006840437651,380,1764932299.0228534,0.8712,0.5063983798027039,0.00018670707070707072,37,3065762.0
0.7908038318157196,942.861475508,2.829090909090909,0.9595204066485167,390,1764932319.154729,0.9183,0.4967716634273529,0.00018630303030303032,38,3148259.0
0.7906284302473068,962.79154412,2.901818181818182,0.9460142407566309,400,1764932339.0845244,0.9319,0.5005324482917786,0.00018589898989898991,39,3228850.0
0.799235250800848,984.923125214,2.9745454545454546,0.9312121249735356,410,1764932361.2161758,0.8801,0.5054542422294617,0.0001854949494949495,40,3309554.0
0.8078817685967997,1003.715247652,3.0436363636363635,0.9000225047531881,420,1764932380.0083103,0.8612,0.6184040904045105,0.00018509090909090908,41,3384542.0
0.8178410813212394,1023.146558834,3.1163636363636362,0.846807212382555,430,1764932399.439785,0.7792,0.606369137763977,0.00018468686868686868,42,3465140.0
0.8125302404165268,1043.010022816,3.189090909090909,0.870420016348362,440,1764932419.3032742,0.8138,0.6093729138374329,0.0001842828282828283,43,3547600.0
0.8252643004059792,1062.604726579,3.2618181818181817,0.8127591576427221,450,1764932438.897963,0.7517,0.5739861130714417,0.0001838787878787879,44,3627957.0
0.8302829220890999,1082.010908859,3.3345454545454545,0.7887213155627251,460,1764932458.304171,0.7334,0.5815367698669434,0.00018347474747474747,45,3710398.0
0.8308667168021202,1100.943751024,3.4072727272727272,0.7938053473830223,470,1764932477.2368612,0.7324,0.5900977253913879,0.00018307070707070707,46,3792133.0
0.8181882776319981,1120.041455567,3.48,0.8320289261639118,480,1764932496.3345826,0.7784,0.5996437668800354,0.00018266666666666667,47,3873758.0
0.8267923384904862,1139.064810503,3.5527272727272727,0.7929965975694359,490,1764932515.3579895,0.7408,0.5989022850990295,0.00018226262626262627,48,3953332.0
0.8387417308986187,1158.22173064,3.6254545454545455,0.7364052876830101,500,1764932534.5148408,0.6807,0.6209660172462463,0.00018185858585858587,49,4033280.0
0.8245884507894516,1177.724345181,3.6981818181818182,0.8113580577075481,510,1764932554.0176492,0.7493,0.6197506189346313,0.00018145454545454546,50,4114469.0
0.8363025434315204,1197.651671296,3.770909090909091,0.7533762529492378,520,1764932573.9447408,0.7007,0.6063700914382935,0.00018105050505050504,51,4195392.0
0.8206414751708507,1217.490944406,3.8436363636363637,0.8144467355683446,530,1764932593.7841225,0.7655,0.5716747641563416,0.00018064646464646466,52,4277251.0
0.834743270277977,1237.229137837,3.9163636363636365,0.7630440985783935,540,1764932613.522166,0.7013,0.6551624536514282,0.00018024242424242426,53,4356909.0
0.8197093077003956,1256.956262675,3.9890909090909092,0.8352166499942542,550,1764932633.2494502,0.7802,0.6086886525154114,0.00017983838383838386,54,4438700.0
0.8556809386140422,1275.763684749,4.058181818181819,0.6842716751914275,560,1764932652.0569706,0.6089,0.7691192626953125,0.00017943434343434345,55,4514825.0
0.8624195829033852,1295.510061475,4.130909090909091,0.6737937841564416,570,1764932671.8033364,0.5751,0.6584401726722717,0.00017903030303030302,56,4596385.0
0.8715791076421737,1315.239295257,4.203636363636364,0.6217448715120554,580,1764932691.5323994,0.5337,0.6903703808784485,0.00017862626262626262,57,4675235.0
0.8734643124043941,1335.478160687,4.276363636363636,0.6127481456845999,590,1764932711.7714326,0.5306,0.6813546419143677,0.00017822222222222222,58,4755915.0
0.8613612167537212,1355.43291052,4.34909090909091,0.6528347136452795,600,1764932731.7261107,0.5758,0.6701574921607971,0.00017781818181818182,59,4835464.0
0.8552797585725784,1377.440259586,4.421818181818182,0.7135481243953109,610,1764932753.7335796,0.6143,0.7110189199447632,0.00017741414141414144,60,4918338.0
0.8645219929516316,1397.25851109,4.494545454545454,0.6450872188434005,620,1764932773.551705,0.5691,0.7232561707496643,0.00017701010101010101,61,4999651.0
0.8633178427815438,1416.994667919,4.567272727272727,0.6371637953445315,630,1764932793.2878973,0.5704,0.6727727651596069,0.0001766060606060606,62,5080493.0
0.8606685794889927,1436.752773264,4.64,0.6569722710177303,640,1764932813.045928,0.5896,0.6870595812797546,0.0001762020202020202,63,5162602.0
0.8595414124429226,1456.496295503,4.712727272727273,0.6627953119575978,650,1764932832.7893333,0.5807,0.7186430096626282,0.0001757979797979798,64,5242570.0
0.8624417401850224,1476.468533703,4.785454545454545,0.6543192703276872,660,1764932852.761693,0.5796,0.659862220287323,0.0001753939393939394,65,5323821.0
0.8562674425542355,1496.426640076,4.858181818181818,0.6767761899158359,670,1764932872.7197752,0.61,0.6965827941894531,0.000174989898989899,66,5404733.0
0.8595158562064171,1516.228363424,4.930909090909091,0.6604548994451761,680,1764932892.5215695,0.5891,0.7247535586357117,0.00017458585858585857,67,5484084.0
0.8523311889485309,1534.932971878,5.0,0.6958744310234722,690,1764932911.2260876,0.6161,1.0389539003372192,0.00017418181818181817,68,5562730.0
0.9010034397244453,1554.883871753,5.072727272727272,0.5178429013118148,700,1764932931.1771345,0.4054,0.6326459050178528,0.0001737777777777778,69,5645198.0
0.8974386058747769,1574.55054996,5.1454545454545455,0.5258315710350872,710,1764932950.8439207,0.4209,0.6920064091682434,0.0001733737373737374,70,5726010.0
0.9000766932964325,1594.188767416,5.218181818181818,0.5143024738878011,720,1764932970.482046,0.4176,0.7428664565086365,0.000172969696969697,71,5807186.0
0.8980260744690896,1614.039001003,5.290909090909091,0.5071888288483024,730,1764932990.3321092,0.4115,0.7273405194282532,0.00017256565656565656,72,5886786.0
0.8999337084591389,1633.816732466,5.363636363636363,0.5091839984990656,740,1764933010.110052,0.4217,0.7816766500473022,0.00017216161616161616,73,5968811.0
0.896180709451437,1653.382270195,5.4363636363636365,0.5207318179309368,750,1764933029.6756186,0.42,0.8007280230522156,0.00017175757575757576,74,6047884.0
0.9008555725216866,1673.118285995,5.509090909090909,0.4964024119079113,760,1764933049.4114797,0.4036,0.9028549790382385,0.00017135353535353536,75,6127796.0
0.9005401268601417,1692.746321545,5.581818181818182,0.5119466403499245,770,1764933069.039655,0.4091,0.7815743088722229,0.00017094949494949496,76,6208391.0
0.8911505423486232,1712.382587038,5.654545454545454,0.5403340524062514,780,1764933088.6758327,0.4424,0.7604652643203735,0.00017054545454545455,77,6289997.0
0.899831973016262,1732.141260723,5.7272727272727275,0.49623332675546405,790,1764933108.434507,0.4104,0.7963350415229797,0.00017014141414141415,78,6371736.0
0.8873776838183403,1751.895936932,5.8,0.5533578712493181,800,1764933128.1891956,0.4574,0.75284743309021,0.00016973737373737375,79,6452604.0
0.8836340799927711,1773.954136458,5.872727272727273,0.5764269784092904,810,1764933150.246772,0.486,0.7628923654556274,0.00016933333333333335,80,6534246.0
0.8927733488380909,1793.941062659,5.945454545454545,0.5309293410740793,820,1764933170.234275,0.4425,0.723777174949646,0.00016892929292929295,81,6615339.0
0.8970689671604257,1812.564666464,6.014545454545455,0.5334037179617506,830,1764933188.8579774,0.4137,0.6725171208381653,0.00016852525252525254,82,6691048.0
0.9288373455405236,1832.208262814,6.087272727272727,0.38983082622289655,840,1764933208.5012522,0.2938,0.6719101071357727,0.00016812121212121211,83,6770370.0
0.9248139508068561,1851.962306284,6.16,0.41043257815763357,850,1764933228.2555943,0.308,0.7157856225967407,0.0001677171717171717,84,6853651.0
0.9265526182949543,1871.80081588,6.2327272727272724,0.408228409755975,860,1764933248.0939572,0.2971,0.7616279125213623,0.0001673131313131313,85,6933282.0
0.9290323629975319,1891.498102204,6.305454545454546,0.38132099583745005,870,1764933267.7912292,0.2833,0.7647995352745056,0.00016690909090909093,86,7015360.0
0.9277629382908344,1911.139173915,6.378181818181818,0.3939643600955606,880,1764933287.432149,0.2958,0.78275465965271,0.00016650505050505053,87,7094717.0
0.9235431648790836,1931.004711295,6.450909090909091,0.4117857787758112,890,1764933307.2977858,0.3047,0.8330839276313782,0.0001661010101010101,88,7174148.0
0.9222728975117207,1950.846460865,6.5236363636363635,0.40486571229994295,900,1764933327.1395724,0.3091,0.8501462936401367,0.0001656969696969697,89,7254980.0
0.9224501445889473,1970.640200188,6.596363636363637,0.41524700047448276,910,1764933346.9334369,0.3077,0.75312340259552,0.0001652929292929293,90,7337213.0
0.9197318747639656,1990.352413419,6.669090909090909,0.4409274935722351,920,1764933366.6456704,0.3241,0.8230743408203125,0.0001648888888888889,91,7417211.0
0.9237798228859901,2010.228211645,6.741818181818182,0.410092862136662,930,1764933386.521357,0.3029,0.8394602537155151,0.0001644848484848485,92,7498884.0
0.9227606937289238,2030.080626056,6.8145454545454545,0.4210805777460337,940,1764933406.373685,0.3098,0.7913100719451904,0.00016408080808080807,93,7579574.0
0.9200778007507324,2049.957102274,6.887272727272728,0.41486673839390276,950,1764933426.2502391,0.3157,0.8104774355888367,0.0001636767676767677,94,7660391.0
0.9229315720498562,2069.891284202,6.96,0.4038757557049394,960,1764933446.1845975,0.305,0.8041052222251892,0.0001632727272727273,95,7742842.0
0.9357666914400301,2088.725583645,7.029090909090909,0.3679078851679438,970,1764933465.0186894,0.2558,0.643909752368927,0.0001628686868686869,96,7819455.0
0.9538744620978832,2108.589947266,7.101818181818182,0.2823093209415674,980,1764933484.8832846,0.186,0.7272976040840149,0.00016246464646464648,97,7901482.0
0.9508030891418457,2128.388400978,7.174545454545455,0.29470713194459675,990,1764933504.6817162,0.1943,0.6758347749710083,0.00016206060606060606,98,7981020.0
0.9518436528742313,2148.115416762,7.247272727272727,0.30105096455663444,1000,1764933524.4086115,0.1964,0.784226655960083,0.00016165656565656565,99,8061067.0
0.9475572444498539,2169.978251913,7.32,0.32296285619959236,1010,1764933546.271406,0.2168,0.8395012617111206,0.00016125252525252525,100,8143621.0
0.9474874310195446,2189.855555142,7.392727272727273,0.3190727150067687,1020,1764933566.1488457,0.2139,0.6887269616127014,0.00016084848484848485,101,8224322.0
0.9490083895623684,2209.632634702,7.465454545454546,0.3080552229657769,1030,1764933585.9259415,0.2024,0.8132219910621643,0.00016044444444444445,102,8305625.0
0.9434582695364953,2229.419777592,7.538181818181818,0.3404615059494972,1040,1764933605.7129898,0.2231,0.7838476896286011,0.00016004040404040405,103,8386408.0
0.9432435803115368,2249.404619587,7.610909090909091,0.33311510300263764,1050,1764933625.6978583,0.2341,0.8048141002655029,0.00015963636363636364,104,8467538.0
0.9516117364168167,2269.203455629,7.683636363636364,0.2888972926419228,1060,1764933645.4966202,0.1913,0.7821249961853027,0.00015923232323232324,105,8547626.0
0.9422971077263356,2296.663783329,7.756363636363636,0.3361414304934442,1070,1764933672.9562976,0.2271,0.8424147963523865,0.00015882828282828284,106,8630222.0
0.9459782697260379,2321.859774649,7.829090909090909,0.3147345345467329,1080,1764933698.1527338,0.2164,0.7769743204116821,0.00015842424242424244,107,8712593.0
0.9433133609592914,2347.918111713,7.901818181818182,0.33106856793165207,1090,1764933724.2106082,0.226,0.8310537338256836,0.00015802020202020203,108,8793796.0
0.9447491809725761,2371.008194251,7.974545454545455,0.3212939703837037,1100,1764933747.3014777,0.2217,0.7592994570732117,0.0001576161616161616,109,8872998.0
0.9612509365144529,2393.490708256,8.043636363636363,0.2627521505285251,1110,1764933769.783673,0.1603,0.7311179637908936,0.0001572121212121212,110,8948550.0
0.9675407581031322,2419.021189962,8.116363636363637,0.22811013497412205,1120,1764933795.3142295,0.1311,0.7298038005828857,0.00015680808080808083,111,9029580.0
0.968397180736065,2443.805352059,8.18909090909091,0.21613667733035982,1130,1764933820.0972486,0.1254,0.7403718829154968,0.00015640404040404043,112,9111506.0
0.9660214602947235,2466.725708736,8.261818181818182,0.23526158137246966,1140,1764933843.018905,0.1378,0.7059770822525024,0.00015600000000000002,113,9192249.0
0.9668955951929092,2489.658871406,8.334545454545454,0.21859575770795345,1150,1764933865.951964,0.1298,0.7204117774963379,0.0001555959595959596,114,9269580.0
0.9644752390682697,2514.605069795,8.407272727272728,0.2349444662220776,1160,1764933890.8980103,0.1396,0.705488920211792,0.0001551919191919192,115,9348988.0
0.964988474547863,2537.853495896,8.48,0.22945489985868334,1170,1764933914.1465254,0.1423,0.6889610290527344,0.0001547878787878788,116,9429310.0
0.9605931915342808,2560.43433607,8.552727272727273,0.26270583607256415,1180,1764933936.7275758,0.1656,0.7911343574523926,0.0001543838383838384,117,9512762.0
0.9619572877883911,2582.557245529,8.625454545454545,0.248462173063308,1190,1764933958.8504074,0.1583,0.8456459045410156,0.000153979797979798,118,9595886.0
0.9655167274177074,2604.625070186,8.69818181818182,0.228810893278569,1200,1764933980.9182482,0.1357,0.7627915143966675,0.00015357575757575758,119,9677588.0
0.9641982391476631,2630.946270978,8.770909090909091,0.23263843012973667,1210,1764934007.2384608,0.1431,0.8065017461776733,0.00015317171717171718,120,9757123.0
0.9623154908418655,2654.08322369,8.843636363636364,0.24327926309779285,1220,1764934030.376364,0.1465,0.7812275886535645,0.00015276767676767678,121,9838274.0
0.960504811257124,2676.820790373,8.916363636363636,0.25311414394527676,1230,1764934053.1140041,0.1553,0.8866983652114868,0.00015236363636363638,122,9920738.0
0.9619778580963612,2698.737705879,8.989090909090908,0.25394962830469014,1240,1764934075.030887,0.1511,0.6977953910827637,0.00015195959595959598,123,10001390.0
0.9750732881458182,2719.56183816,9.058181818181819,0.18392378988822825,1250,1764934095.8546994,0.1073,0.6791067123413086,0.00015155555555555557,124,10077726.0
0.9790715083479882,2740.969287205,9.13090909090909,0.16783068426884712,1260,1764934117.2625663,0.0869,0.5744673013687134,0.00015115151515151515,125,10159310.0
0.9771454364061356,2762.267123927,9.203636363636363,0.1667550291866064,1270,1764934138.560401,0.0912,0.6288132071495056,0.00015074747474747474,126,10239098.0
0.9769361555576325,2783.908024743,9.276363636363637,0.18030871441587806,1280,1764934160.2010937,0.0934,0.9402202367782593,0.00015034343434343434,127,10319497.0
0.9764715984463692,2804.735190009,9.34909090909091,0.1754974286071956,1290,1764934181.0284054,0.094,0.6309290528297424,0.00014993939393939397,128,10399392.0
0.9754552058875561,2825.321267383,9.421818181818182,0.17776857605203986,1300,1764934201.6144116,0.1009,0.7161881327629089,0.00014953535353535356,129,10480764.0
0.9765505574643611,2845.582167916,9.494545454545454,0.1762785106897354,1310,1764934221.8754306,0.0943,0.5845479965209961,0.00014913131313131313,130,10560253.0
0.9766771115362645,2865.788706805,9.567272727272726,0.1782056288793683,1320,1764934242.0817761,0.0958,0.5397956967353821,0.00014872727272727273,131,10640018.0
0.9746530130505562,2885.689054058,9.64,0.1864128896035254,1330,1764934261.9823372,0.1014,0.6958431601524353,0.00014832323232323233,132,10722636.0
0.9733019784092903,2905.558719389,9.712727272727273,0.19562893975526094,1340,1764934281.852008,0.1107,0.6665884256362915,0.00014791919191919193,133,10804661.0
0.9742752395570278,2925.647904118,9.785454545454545,0.18000995889306068,1350,1764934301.9410076,0.0992,0.6443118453025818,0.00014751515151515153,134,10885634.0
0.974866658449173,2945.482294068,9.858181818181817,0.18057055110111833,1360,1764934321.7754834,0.0994,0.6432883143424988,0.00014711111111111112,135,10967158.0
0.9722438797354698,2965.293114922,9.930909090909092,0.19811519104987382,1370,1764934341.586269,0.1086,0.6354478597640991,0.0001467070707070707,136,11049777.0
0.9738997244521191,2984.063834102,10.0,0.18034704362875537,1380,1764934360.3569393,0.1052,1.0018399953842163,0.00014630303030303032,137,11125460.0
0.9841279551386833,3003.779288401,10.072727272727272,0.13023248687386513,1390,1764934380.072479,0.0649,0.5595455169677734,0.00014589898989898992,138,11207358.0
0.9833096124231815,3023.471470847,10.145454545454545,0.1331383223645389,1400,1764934399.7646897,0.0663,0.6757261157035828,0.00014549494949494952,139,11286332.0
0.9834494940936566,3045.244744718,10.218181818181819,0.13321168371476233,1410,1764934421.538056,0.0657,0.5148944854736328,0.0001450909090909091,140,11366915.0
0.9836103953421116,3064.811035562,10.290909090909091,0.13405851740390062,1420,1764934441.1042902,0.0659,0.5540582537651062,0.00014468686868686868,141,11448371.0
0.9837216824293137,3084.313040106,10.363636363636363,0.1300185495056212,1430,1764934460.6062417,0.065,0.6335200071334839,0.00014428282828282828,142,11529628.0
0.9827057965099811,3103.816702784,10.436363636363636,0.1367511794436723,1440,1764934480.1099813,0.0724,0.5942161679267883,0.00014387878787878788,143,11610534.0
0.9820643156766892,3123.467313706,10.50909090909091,0.13450697949156165,1450,1764934499.760554,0.0715,0.5516906976699829,0.00014347474747474748,144,11692156.0
0.9824396029114724,3143.189327562,10.581818181818182,0.14053788650780916,1460,1764934519.4825091,0.0734,0.7326359748840332,0.00014307070707070708,145,11773686.0
0.9822490476071835,3162.995292631,10.654545454545454,0.13961502276360988,1470,1764934539.2886431,0.0704,0.4605293273925781,0.00014266666666666667,146,11853568.0
0.9824544057250023,3182.827559167,10.727272727272727,0.13825983442366124,1480,1764934559.120731,0.0696,0.5795126557350159,0.00014226262626262627,147,11935368.0
0.9809912919998169,3202.625761748,10.8,0.14604742415249347,1490,1764934578.9189258,0.0784,0.6814830303192139,0.00014185858585858587,148,12016717.0
0.980600519478321,3222.443121483,10.872727272727273,0.14958433797582985,1500,1764934598.7361157,0.075,0.5167816281318665,0.00014145454545454547,149,12097988.0
0.9814107030630111,3242.141910038,10.945454545454545,0.1427136179059744,1510,1764934618.4350955,0.0739,0.5827491879463196,0.00014105050505050507,150,12177798.0
0.982318703281252,3261.050842711,11.014545454545454,0.13928676367198167,1520,1764934637.3439744,0.0747,0.4086835980415344,0.00014064646464646464,151,12254568.0
0.9872697249054909,3280.826553282,11.087272727272728,0.11090692137368023,1530,1764934657.1196947,0.0516,0.46245017647743225,0.00014024242424242423,152,12334457.0
0.9872600570321083,3300.5491874,11.16,0.10571385738439858,1540,1764934676.8422916,0.0504,0.46480676531791687,0.00013983838383838383,153,12417194.0
0.9874985828995705,3320.437850988,11.232727272727272,0.10483093964867293,1550,1764934696.7310147,0.0498,0.43739742040634155,0.00013943434343434346,154,12496592.0
0.9873638086020946,3340.726636962,11.305454545454545,0.09966511479578913,1560,1764934717.0196886,0.0492,0.40218499302864075,0.00013903030303030306,155,12575342.0
0.9861296571791172,3361.900015836,11.378181818181819,0.1068895325064659,1570,1764934738.193286,0.0543,0.5577760338783264,0.00013862626262626263,156,12655813.0
0.98633514046669,3411.651108224,11.450909090909091,0.10494255423545837,1580,1764934787.942842,0.0521,0.45633530616760254,0.00013822222222222222,157,12735487.0
0.9863085478544236,3439.496449613,11.523636363636363,0.11303134933114052,1590,1764934815.789759,0.057,0.48453277349472046,0.00013781818181818182,158,12817745.0
0.9862827777862548,3461.960119374,11.596363636363636,0.1022015968337655,1600,1764934838.253308,0.0536,0.43206658959388733,0.00013741414141414142,159,12897367.0
0.9865493431687355,3486.434343725,11.66909090909091,0.1096926607657224,1610,1764934862.7275674,0.0532,0.4022047519683838,0.00013701010101010102,160,12978383.0
0.9862873457372189,3508.876494112,11.741818181818182,0.10422881231643259,1620,1764934885.169742,0.0526,0.44317713379859924,0.00013660606060606062,161,13059597.0
0.9860857017338276,3531.093068875,11.814545454545454,0.10402537821792066,1630,1764934907.3860524,0.0538,0.5463398098945618,0.0001362020202020202,162,13143210.0
0.9857157431542873,3553.48051653,11.887272727272727,0.11000237674452365,1640,1764934929.7738292,0.0559,0.9587231278419495,0.0001357979797979798,163,13224753.0
0.9856282420456409,3573.70002467,11.96,0.111391038633883,1650,1764934949.993223,0.0571,0.5589159727096558,0.0001353939393939394,164,13307219.0
0.9869973965381321,3592.880479787,12.02909090909091,0.09843753341977533,1660,1764934969.173666,0.0495,0.4003249704837799,0.000134989898989899,165,13381533.0
0.9887873701751232,3612.883678605,12.101818181818182,0.08611083254218102,1670,1764934989.1767576,0.0436,0.5278517603874207,0.0001345858585858586,166,13462068.0
0.9886064685881137,3637.036258933,12.174545454545454,0.0861106650903821,1680,1764935013.3262403,0.0421,0.4941672682762146,0.00013418181818181818,167,13541759.0
0.988320192694664,3705.813303911,12.32,0.0825715440325439,1700,1764935082.1062927,0.0442,0.41035130620002747,0.00013337373737373737,169,13702399.0
0.9889962509274483,3728.783838111,12.392727272727273,0.08486855863593519,1710,1764935105.0770326,0.0414,0.4087831974029541,0.00013296969696969697,170,13784946.0
0.9884974047541618,3751.123024874,12.465454545454545,0.08932199343107641,1720,1764935127.4162755,0.0444,0.4889780282974243,0.0001325656565656566,171,13867124.0
0.9883131250739098,3773.945347194,12.538181818181819,0.08686218801885844,1730,1764935150.2383332,0.0438,0.3882347345352173,0.00013216161616161617,172,13949325.0
0.9883916638791561,3796.945854254,12.610909090909091,0.08867598134092987,1740,1764935173.2390835,0.0451,0.38529065251350403,0.00013175757575757576,173,14029518.0
0.987657506018877,3819.5648116,12.683636363636364,0.08873487487435341,1750,1764935195.8578777,0.0462,0.4422510862350464,0.00013135353535353536,174,14110312.0
0.988189285993576,3841.594040437,12.756363636363636,0.09097114470787346,1760,1764935217.8872502,0.0454,0.46878376603126526,0.00013094949494949496,175,14191689.0
0.987974812835455,3863.367292026,12.829090909090908,0.08992228507995606,1770,1764935239.6602337,0.0448,0.5574241280555725,0.00013054545454545456,176,14274248.0
0.9879641905426979,3884.78705134,12.901818181818182,0.09712814767844975,1780,1764935261.0800405,0.0468,0.4039788246154785,0.00013014141414141416,177,14354871.0
0.9875036589801311,3906.762923155,12.974545454545455,0.08721304810605943,1790,1764935283.056169,0.0458,0.44815561175346375,0.00012973737373737373,178,14434558.0
0.9898688291248522,3927.552199997,13.043636363636363,0.07633389174742133,1800,1764935303.845445,0.0385,0.34695836901664734,0.00012933333333333332,179,14509911.0
0.9900340385735035,3951.447844777,13.116363636363637,0.07259985692799091,1810,1764935327.7407637,0.0361,0.3479667901992798,0.00012892929292929295,180,14591645.0
0.9899328090250492,3973.677316112,13.18909090909091,0.07196732726879418,1820,1764935349.9705024,0.0352,0.30983495712280273,0.00012852525252525255,181,14671839.0
0.9901935271918774,3995.427256462,13.261818181818182,0.07078130366280674,1830,1764935371.7203941,0.0362,0.36844101548194885,0.00012812121212121212,182,14753403.0
0.9898390747606755,4016.731885481,13.334545454545454,0.07350608753040433,1840,1764935393.0249968,0.0365,0.2554425895214081,0.00012771717171717172,183,14834952.0
0.990105365216732,4038.189492183,13.407272727272728,0.0714792494662106,1850,1764935414.4826431,0.036,0.47950759530067444,0.0001273131313131313,184,14917901.0
0.9896867483854294,4059.585315412,13.48,0.07143274196423591,1860,1764935435.8783903,0.0364,0.37635377049446106,0.0001269090909090909,185,14997866.0
0.9894977040588856,4080.427170214,13.552727272727273,0.07314741523005068,1870,1764935456.720238,0.0368,0.3526691794395447,0.0001265050505050505,186,15076954.0
0.9902293257415294,4101.193096954,13.625454545454545,0.07306593670509756,1880,1764935477.4862027,0.0366,0.40087461471557617,0.0001261010101010101,187,15160233.0
0.9894596077501774,4121.669874761,13.69818181818182,0.07062216117046774,1890,1764935497.963036,0.0372,0.3602900803089142,0.0001256969696969697,188,15241010.0
0.989097511768341,4141.908809474,13.770909090909091,0.07765182368457317,1900,1764935518.2020397,0.0404,0.33921751379966736,0.0001252929292929293,189,15322914.0
0.9892953641712665,4162.198173093,13.843636363636364,0.07850913014262914,1910,1764935538.4913769,0.0394,0.35263338685035706,0.0001248888888888889,190,15404580.0
0.9894046038389206,4182.316442025,13.916363636363636,0.07598512484692037,1920,1764935558.6093576,0.039,0.34778425097465515,0.0001244848484848485,191,15483849.0
0.9895867578685283,4203.133375877,13.989090909090908,0.0770667128264904,1930,1764935579.426572,0.04,0.4314483404159546,0.0001240808080808081,192,15563311.0
0.9908577525301984,4222.705116068,14.058181818181819,0.06427980650608477,1940,1764935598.997975,0.0328,0.23925061523914337,0.00012367676767676767,193,15639472.0
0.9908197537064553,4243.339999775,14.13090909090909,0.0635436992160976,1950,1764935619.6330802,0.0327,0.4645770490169525,0.00012327272727272727,194,15720485.0
0.9906906053423882,4263.666068507,14.203636363636363,0.06136142518371344,1960,1764935639.9592543,0.0319,0.3727591335773468,0.00012286868686868686,195,15802268.0
0.9906974226236344,4284.167651625,14.276363636363637,0.06186481681652367,1970,1764935660.4608705,0.0329,0.2268071323633194,0.00012246464646464646,196,15882562.0
0.9907846614718437,4304.12094868,14.34909090909091,0.06312796790152789,1980,1764935680.4141376,0.0324,0.27787336707115173,0.00012206060606060607,197,15963473.0
0.9903249204158783,4323.797760695,14.421818181818182,0.06359191276133061,1990,1764935700.090944,0.0342,0.39498183131217957,0.00012165656565656567,198,16044870.0
0.9902471534907817,4343.53363798,14.494545454545454,0.06307304915972053,2000,1764935719.8266778,0.0335,0.26810356974601746,0.00012125252525252527,199,16124717.0
0.9903896190226078,4365.398671528,14.567272727272726,0.06495291646569967,2010,1764935741.6920412,0.034,0.24358810484409332,0.00012084848484848485,200,16204944.0
0.9900830149650574,4385.165934567,14.64,0.06624488807283342,2020,1764935761.4591062,0.0347,0.3840716779232025,0.00012044444444444445,201,16285992.0
0.9900334134697915,4404.810698612,14.712727272727273,0.06533298566937447,2030,1764935781.1038938,0.0348,0.38244935870170593,0.00012004040404040405,202,16366798.0
0.9902116268873214,4424.657549125,14.785454545454545,0.06345987454988063,2040,1764935800.9508388,0.0349,0.3485547602176666,0.00011963636363636363,203,16448093.0
0.9898180149495601,4444.238142488,14.858181818181817,0.06607824577949942,2050,1764935820.5313096,0.035,0.2957862615585327,0.00011923232323232323,204,16529456.0
0.9903490468859673,4463.897611384,14.930909090909092,0.06896604872308672,2060,1764935840.1907942,0.0348,0.2631509006023407,0.00011882828282828284,205,16612675.0
0.9902281141594836,4482.621567048,15.0,0.06758013514703826,2070,1764935858.914829,0.0349,0.4945295751094818,0.00011842424242424244,206,16688190.0
0.9910362429916859,4502.37784371,15.072727272727272,0.05751130022108555,2080,1764935878.6711283,0.0313,0.378474622964859,0.00011802020202020202,207,16768525.0
0.9910181239247322,4521.978528063,15.145454545454545,0.05789559613913298,2090,1764935898.2718413,0.03,0.25711962580680847,0.00011761616161616162,208,16849969.0
0.9915008701384067,4542.058128681,15.218181818181819,0.05840516746975481,2100,1764935918.3512535,0.0304,0.2091055065393448,0.00011721212121212122,209,16933033.0
0.9909684412181378,4561.985027241,15.290909090909091,0.05778414434753358,2110,1764935938.2780917,0.0304,0.2574945390224457,0.0001168080808080808,210,17014267.0
0.9909627117216587,4581.761442552,15.363636363636363,0.05606626886874437,2120,1764935958.054737,0.0303,0.2514849901199341,0.0001164040404040404,211,17094094.0
0.9906112752854824,4601.534838287,15.436363636363636,0.05713469916954637,2130,1764935977.8279707,0.0309,0.3891339600086212,0.000116,212,17175032.0
0.9910461731255055,4621.302215551,15.50909090909091,0.05704427915625274,2140,1764935997.5954905,0.0305,0.35432177782058716,0.00011559595959595959,213,17256152.0
0.9908362537622452,4641.441690146,15.581818181818182,0.05722912359051406,2150,1764936017.7349594,0.0316,0.2700026035308838,0.00011519191919191921,214,17337214.0
0.9904966726899147,4661.203873163,15.654545454545454,0.05675271474756301,2160,1764936037.496948,0.0314,0.2551574110984802,0.0001147878787878788,215,17417853.0
0.9910187765955925,4680.941199725,15.727272727272727,0.05782823488116264,2170,1764936057.2344284,0.0305,0.2769096791744232,0.00011438383838383839,216,17499637.0
0.9909650288522244,4700.630595128,15.8,0.05866195913404226,2180,1764936076.9237506,0.0309,0.32644733786582947,0.00011397979797979799,217,17581657.0
0.9902210921049118,4720.366644165,15.872727272727273,0.058789385529235,2190,1764936096.6598554,0.0331,0.2336951494216919,0.00011357575757575757,218,17659866.0
0.9908987648785115,4740.192236318,15.945454545454545,0.05805960716679692,2200,1764936116.4854004,0.0313,0.23834875226020813,0.00011317171717171717,219,17740073.0
0.9906434738322308,4761.092297559,16.014545454545456,0.05821199085269319,2210,1764936137.3853846,0.033,0.21072012186050415,0.00011276767676767677,220,17817025.0
0.9917161837220192,4780.79542052,16.087272727272726,0.05219505880959332,2220,1764936157.0885131,0.0272,0.22660104930400848,0.00011236363636363635,221,17898892.0
0.991590765863657,4800.476016023,16.16,0.05274216393008828,2230,1764936176.7692327,0.0284,0.28456294536590576,0.00011195959595959598,222,17979887.0
0.9914648450911046,4820.18403956,16.232727272727274,0.050157690048217775,2240,1764936196.4771433,0.0284,0.37045392394065857,0.00011155555555555556,223,18059594.0
0.9911431446671486,4840.285907114,16.305454545454545,0.05400644280016422,2250,1764936216.5791156,0.0294,0.2551422417163849,0.00011115151515151516,224,18140174.0
0.9910667553544045,4860.23925373,16.37818181818182,0.05189059874974191,2260,1764936236.5325625,0.029,0.26776301860809326,0.00011074747474747476,225,18221609.0
0.9916824862360955,4879.940007175,16.45090909090909,0.05259502970147878,2270,1764936256.2332258,0.0285,0.28662222623825073,0.00011034343434343434,226,18302505.0
0.9905166827142239,4899.60223045,16.523636363636363,0.051448916317895055,2280,1764936275.8953335,0.0301,0.2437778264284134,0.00010993939393939394,227,18381763.0
0.991220910847187,4919.31826554,16.596363636363638,0.05235751671716571,2290,1764936295.6114793,0.0297,0.2071792632341385,0.00010953535353535354,228,18463696.0
0.990919990092516,4938.990324833,16.669090909090908,0.054285192582756284,2300,1764936315.2835367,0.0299,0.21928513050079346,0.00010913131313131312,229,18546711.0
0.9909458018839359,4958.657654015,16.741818181818182,0.05499242558144033,2310,1764936334.9509435,0.0298,0.2740710973739624,0.00010872727272727272,230,18627590.0
0.9908997006714344,4978.358815304,16.814545454545456,0.055634943302720785,2320,1764936354.651911,0.0301,0.43620815873146057,0.00010832323232323233,231,18708610.0
0.9907788902521133,4998.019777002,16.887272727272727,0.05375803201459348,2330,1764936374.312622,0.0304,0.20333988964557648,0.00010791919191919193,232,18788787.0
0.9910764463245869,5017.715030285,16.96,0.055433885334059595,2340,1764936394.008079,0.0306,0.43276628851890564,0.00010751515151515153,233,18870355.0
0.9908538696012998,5036.517557116,17.029090909090908,0.05275935027748346,2350,1764936412.810764,0.0293,0.2150534689426422,0.00010711111111111111,234,18945330.0
0.9922006115317344,5056.142573183,17.10181818181818,0.04779971141833812,2360,1764936432.4358232,0.0257,0.19757990539073944,0.00010670707070707071,235,19027224.0
0.9918871931731701,5075.718528848,17.174545454545456,0.04721526252105832,2370,1764936452.0116353,0.0263,0.32061776518821716,0.00010630303030303031,236,19110680.0
0.9915589526295662,5095.396954534,17.247272727272726,0.04747109862510115,2380,1764936471.689934,0.0278,0.17794054746627808,0.0001058989898989899,237,19188883.0
0.9914799459278584,5115.137452733,17.32,0.04975089817307889,2390,1764936491.4307063,0.0273,0.3871683180332184,0.00010549494949494949,238,19271281.0
0.9912373550236225,5134.921114723,17.392727272727274,0.049486818024888635,2400,1764936511.2141788,0.0283,0.2960509657859802,0.0001050909090909091,239,19350538.0
0.9916622504591942,5156.786539571,17.465454545454545,0.04997132485732436,2410,1764936533.0797024,0.0275,0.2219172865152359,0.0001046868686868687,240,19433050.0
0.9910532303154469,5176.621748795,17.53818181818182,0.04823497617617249,2420,1764936552.9150124,0.0287,0.24017085134983063,0.0001042828282828283,241,19514085.0
0.9911369606852531,5196.279553605,17.61090909090909,0.051411450002342464,2430,1764936572.5725424,0.0287,0.2707066833972931,0.00010387878787878788,242,19596026.0
0.990701674669981,5215.977189301,17.683636363636364,0.05208631446585059,2440,1764936592.2703998,0.0306,0.334554523229599,0.00010347474747474748,243,19676640.0
0.9912950925529003,5235.801305264,17.756363636363638,0.05360916410572827,2450,1764936612.0944004,0.0294,0.23969070613384247,0.00010307070707070708,244,19757575.0
0.99086854159832,5255.570790345,17.829090909090908,0.05142282065935433,2460,1764936631.8638759,0.0306,0.18685387074947357,0.00010266666666666666,245,19837448.0
0.9907871097326278,5275.302405107,17.901818181818182,0.054256466077640654,2470,1764936651.595539,0.0297,0.2402009814977646,0.00010226262626262626,246,19918259.0
0.9909632302820682,5295.310576446,17.974545454545453,0.052179881976917385,2480,1764936671.6038134,0.0304,0.3200554847717285,0.00010185858585858586,247,19998153.0
0.9913924297219828,5314.06957842,18.043636363636363,0.050573464875158514,2490,1764936690.3628147,0.0273,0.1765349954366684,0.00010145454545454547,248,20073820.0
0.9917401485145092,5333.849271828,18.116363636363637,0.045121059939265254,2500,1764936710.1424735,0.0259,0.2330041229724884,0.00010105050505050506,249,20153428.0
0.9917717158794404,5353.584384378,18.189090909090908,0.0467768331989646,2510,1764936729.8774767,0.0271,0.21955175697803497,0.00010064646464646465,250,20233338.0
0.9913645088672638,5373.473366634,18.26181818181818,0.047565935947932306,2520,1764936749.766648,0.0273,0.16430675983428955,0.00010024242424242425,251,20314171.0
0.9916138343513012,5393.192780567,18.334545454545456,0.0460237564984709,2530,1764936769.4859831,0.0268,0.3220551013946533,9.983838383838384e-05,252,20394430.0
0.9917152419686317,5412.954457737,18.407272727272726,0.04792569524142891,2540,1764936789.247632,0.0267,0.21750052273273468,9.943434343434343e-05,253,20477420.0
0.9916829906404019,5432.671539692,18.48,0.04560338743031025,2550,1764936808.964851,0.0266,0.2195337861776352,9.903030303030305e-05,254,20560229.0
0.9915195107460022,5452.80197734,18.552727272727275,0.04677025228738785,2560,1764936829.095194,0.0275,0.34368327260017395,9.862626262626263e-05,255,20640037.0
0.9913371182978153,5472.519096974,18.625454545454545,0.04989287699572742,2570,1764936848.8122082,0.0295,0.29624491930007935,9.822222222222223e-05,256,20721483.0
0.9911643624305725,5492.332892324,18.69818181818182,0.04894982650876045,2580,1764936868.626207,0.0283,0.30900636315345764,9.781818181818183e-05,257,20801625.0
0.990919966250658,5512.051224991,18.77090909090909,0.0489481131080538,2590,1764936888.3444464,0.0286,0.22313009202480316,9.741414141414141e-05,258,20880676.0
0.9913423806428909,5531.863294335,18.843636363636364,0.050655629066750404,2600,1764936908.1565578,0.0283,0.21692273020744324,9.701010101010102e-05,259,20963350.0
0.9911182828247547,5553.91397106,18.916363636363638,0.051161452941596505,2610,1764936930.207255,0.0284,0.2996561825275421,9.66060606060606e-05,260,21045175.0
0.9910431548953056,5573.817303282,18.98909090909091,0.04971269005909562,2620,1764936950.1106045,0.0288,0.278109610080719,9.62020202020202e-05,261,21126535.0
0.9918136800590315,5592.748553876,19.05818181818182,0.044826358115594635,2630,1764936969.0416965,0.0264,0.3292456567287445,9.57979797979798e-05,262,21202281.0
0.9921254441142082,5612.500859296,19.130909090909093,0.04337990405037999,2640,1764936988.7940726,0.0254,0.3204077184200287,9.53939393939394e-05,263,21282777.0
0.9917222328484059,5632.10538125,19.203636363636363,0.04471324565820396,2650,1764937008.3986123,0.0268,0.27324679493904114,9.4989898989899e-05,264,21363196.0
0.991463727504015,5651.750819634,19.276363636363637,0.045582706946879624,2660,1764937028.044026,0.0258,0.4544321894645691,9.45858585858586e-05,265,21444489.0
0.9917227990925312,5671.567974065,19.349090909090908,0.04587818603031337,2670,1764937047.8612285,0.0274,0.18089944124221802,9.418181818181818e-05,266,21526470.0
0.9913163602352142,5691.25074332,19.421818181818182,0.04607820650562644,2680,1764937067.5439265,0.0267,0.23833076655864716,9.377777777777779e-05,267,21607525.0
0.9914395257830619,5710.935369599,19.494545454545456,0.04699277705512941,2690,1764937087.2285821,0.0273,0.3385259509086609,9.337373737373738e-05,268,21689901.0
0.9913033865392208,5730.605969627,19.567272727272726,0.04744770303368569,2700,1764937106.8990085,0.0284,0.346188485622406,9.296969696969697e-05,269,21769165.0
0.99130954220891,5750.836918418,19.64,0.04681782596744597,2710,1764937127.1300237,0.028,0.29345574975013733,9.256565656565657e-05,270,21849413.0
0.9915870040655136,5770.677157508,19.71272727272727,0.04909707414917648,2720,1764937146.9703345,0.027,0.2098783701658249,9.216161616161617e-05,271,21930713.0
0.9916825667023659,5790.445145822,19.785454545454545,0.046472289878875014,2730,1764937166.7384496,0.0273,0.17650637030601501,9.175757575757577e-05,272,22011003.0
0.9907452642917634,5810.102389476,19.85818181818182,0.047302322648465636,2740,1764937186.3953578,0.029,0.25073570013046265,9.135353535353535e-05,273,22089641.0
0.9914003111422062,5829.89500353,19.93090909090909,0.048591381823644045,2750,1764937206.1882393,0.0287,0.3421427011489868,9.094949494949495e-05,274,22171170.0
0.991362305848222,5848.692740333,20.0,0.04833895825829945,2760,1764937224.9859116,0.0276,0.33932214975357056,9.054545454545455e-05,275,22250920.0
0.991730111092329,5868.532949927,20.072727272727274,0.044485409976914525,2770,1764937244.8261673,0.0254,0.12256159633398056,9.014141414141415e-05,276,22329956.0
0.9921096317470074,5888.404502288,20.145454545454545,0.043098565004765985,2780,1764937264.6976893,0.0247,0.11642881482839584,8.973737373737374e-05,277,22411925.0
0.9917976021766662,5911.215627864,20.21818181818182,0.04098613345995546,2790,1764937287.508537,0.0252,0.15949340164661407,8.933333333333334e-05,278,22494518.0
0.9918867774307728,5935.682372103,20.29090909090909,0.042934756330214444,2800,1764937311.9752512,0.0256,0.3736991882324219,8.892929292929293e-05,279,22574395.0
0.9918549552559852,5961.787648761,20.363636363636363,0.042665562429465356,2810,1764937338.0808258,0.0253,0.14376212656497955,8.852525252525254e-05,280,22655922.0
0.991504094004631,5984.41210209,20.436363636363637,0.04436543644405901,2820,1764937360.705091,0.0262,0.36652621626853943,8.812121212121212e-05,281,22737290.0
0.9915969379246234,6006.611195539,20.509090909090908,0.04343153010122478,2830,1764937382.9042797,0.0256,0.1324080526828766,8.771717171717172e-05,282,22817349.0
0.9913157388567925,6028.839454656,20.581818181818182,0.04304248325061053,2840,1764937405.1327112,0.0273,0.20272378623485565,8.731313131313132e-05,283,22897585.0
0.9916718736290931,6050.449089906,20.654545454545456,0.042445583757944404,2850,1764937426.7423575,0.0259,0.2177029550075531,8.690909090909091e-05,284,22978825.0
0.9913421690464019,6072.351925694,20.727272727272727,0.04379514651373029,2860,1764937448.6451576,0.0268,0.20934543013572693,8.650505050505051e-05,285,23060462.0
0.9913372308015823,6100.01582482,20.8,0.04469322869554162,2870,1764937476.3061635,0.027,0.5951840281486511,8.610101010101011e-05,286,23142320.0
0.9912400647997857,6130.070196292,20.87272727272727,0.04390006046742201,2880,1764937506.3634307,0.0276,0.42744147777557373,8.56969696969697e-05,287,23223175.0
0.9916452549397945,6155.654993166,20.945454545454545,0.044070927589200434,2890,1764937531.9465613,0.0266,0.1681555211544037,8.52929292929293e-05,288,23303944.0
0.9913154816941211,6182.607239254,21.014545454545456,0.04583825514112648,2900,1764937558.9003549,0.0266,0.1691705882549286,8.488888888888889e-05,289,23379205.0
0.9923773936927318,6207.437893391,21.087272727272726,0.04177319807931781,2910,1764937583.7310464,0.0239,0.1607283353805542,8.448484848484849e-05,290,23461072.0
0.9921233117580414,6230.717350356,21.16,0.040146870212629436,2920,1764937607.0100956,0.0237,0.12892484664916992,8.408080808080809e-05,291,23541732.0
0.9917846903204918,6253.78123599,21.232727272727274,0.041132339951582254,2930,1764937630.0742893,0.0248,0.24057461321353912,8.367676767676767e-05,292,23622110.0
0.9921050913631916,6276.694654269,21.305454545454545,0.04077795771881938,2940,1764937652.9878473,0.0243,0.34620189666748047,8.327272727272728e-05,293,23704346.0
0.9917682722210884,6299.14467978,21.37818181818182,0.04113392711151391,2950,1764937675.4379063,0.0252,0.16567350924015045,8.286868686868687e-05,294,23784197.0
0.9918640807271004,6321.3326112,21.45090909090909,0.041548049380071464,2960,1764937697.625718,0.0253,0.19015489518642426,8.246464646464646e-05,295,23864036.0
0.9918950513005257,6343.909895896,21.523636363636363,0.04147456521168351,2970,1764937720.2030206,0.026,0.1902216076850891,8.206060606060606e-05,296,23944649.0
0.9917105697095394,6366.177584315,21.596363636363638,0.04292240093927831,2980,1764937742.4706385,0.0267,0.20959705114364624,8.165656565656566e-05,297,24025032.0
0.9914457961916924,6392.456590973,21.669090909090908,0.043111245473846795,2990,1764937768.749801,0.0259,0.2021363079547882,8.125252525252526e-05,298,24104858.0
0.9918087169528007,6433.254460594,21.741818181818182,0.04086325136013329,3000,1764937809.543342,0.0254,0.1400909274816513,8.084848484848486e-05,299,24185730.0
0.9916236691176892,6458.040931529,21.814545454545456,0.04196394667960703,3010,1764937834.3338768,0.0257,0.2504463195800781,8.044444444444444e-05,300,24267840.0
0.9915460616350174,6479.34717174,21.887272727272727,0.04381358232349157,3020,1764937855.6403482,0.0254,0.14073804020881653,8.004040404040405e-05,301,24350829.0
0.9912943951785564,6500.923074602,21.96,0.04202202232554555,3030,1764937877.216018,0.0259,0.38081932067871094,7.963636363636364e-05,302,24431504.0
0.9915263637116081,6520.79294348,22.029090909090908,0.040368225597041216,3040,1764937897.0862284,0.0254,0.17435717582702637,7.923232323232323e-05,303,24509177.0
0.9923009350895882,6541.51348562,22.10181818181818,0.039260950428433715,3050,1764937917.8067708,0.0232,0.1931157112121582,7.882828282828283e-05,304,24589593.0
0.9923763312399387,6562.261647808,22.174545454545456,0.03860453460365534,3060,1764937938.554807,0.0241,0.2482888102531433,7.842424242424243e-05,305,24671103.0
0.9921826459467411,6583.247053252,22.247272727272726,0.038760608760640025,3070,1764937959.540224,0.0237,0.18967372179031372,7.802020202020203e-05,306,24751269.0
0.9917883224785328,6604.016542181,22.32,0.03982022274285555,3080,1764937980.3094933,0.0239,0.3452414870262146,7.761616161616163e-05,307,24833535.0
0.991805725544691,6624.45451133,22.392727272727274,0.03860466219484806,3090,1764938000.7476296,0.024,0.2205822765827179,7.721212121212121e-05,308,24914157.0
0.9918228141963482,6644.955008205,22.465454545454545,0.03913342859596014,3100,1764938021.2480087,0.0245,0.12610086798667908,7.680808080808081e-05,309,24995201.0
0.9918769404292107,6665.756938969,22.53818181818182,0.03947071125730872,3110,1764938042.0502381,0.0243,0.2345292866230011,7.64040404040404e-05,310,25075381.0
0.9919767200946807,6686.009318248,22.61090909090909,0.03961822185665369,3120,1764938062.3023872,0.0239,0.127855122089386,7.6e-05,311,25157387.0
0.9917714282870292,6707.045410688,22.683636363636364,0.03948242892511189,3130,1764938083.338548,0.0245,0.1983874887228012,7.55959595959596e-05,312,25239583.0
0.9916644744575024,6727.770479615,22.756363636363638,0.038993721618317066,3140,1764938104.0635824,0.0252,0.12257084995508194,7.519191919191919e-05,313,25319500.0
0.9919367216527462,6748.40629887,22.829090909090908,0.039014814980328084,3150,1764938124.6995466,0.0248,0.11949808150529861,7.47878787878788e-05,314,25399676.0
0.9919182665646076,6769.125249149,22.901818181818182,0.03974943244829774,3160,1764938145.4185095,0.0243,0.15733323991298676,7.438383838383838e-05,315,25480289.0
0.9914554081857204,6789.434687757,22.974545454545453,0.03900874943938106,3170,1764938165.7280154,0.0252,0.2840230464935303,7.397979797979798e-05,316,25560902.0
0.9924126047837106,6808.257136911,23.043636363636363,0.03783030366819156,3180,1764938184.5504553,0.0231,0.24711130559444427,7.357575757575758e-05,317,25637558.0
0.9922833167016506,6828.199524998,23.116363636363637,0.036502583022229376,3190,1764938204.4928424,0.0231,0.25033631920814514,7.317171717171718e-05,318,25718170.0
0.9923192396759987,6848.344262965,23.189090909090908,0.037499508867040274,3200,1764938224.6373029,0.0222,0.12230999022722244,7.276767676767677e-05,319,25800633.0
0.9919983141124249,6870.415074417,23.26181818181818,0.03630615866277367,3210,1764938246.7082813,0.023,0.2931811809539795,7.236363636363637e-05,320,25881519.0
0.9923859871923923,6890.124109202,23.334545454545456,0.03636709558777511,3220,1764938266.4171011,0.0235,0.17007532715797424,7.195959595959596e-05,321,25961954.0
0.9919480964541435,6909.85266693,23.407272727272726,0.036412948905490336,3230,1764938286.1459763,0.0229,0.19871391355991364,7.155555555555555e-05,322,26042746.0
0.9923045851290226,6929.847631439,23.48,0.03763753098901361,3240,1764938306.1408703,0.023,0.1046852320432663,7.115151515151515e-05,323,26123644.0
0.9920890539884567,6949.607205581,23.552727272727275,0.035801702784374355,3250,1764938325.9005015,0.0234,0.16721518337726593,7.074747474747475e-05,324,26206382.0
0.9918043375015259,6969.44954729,23.625454545454545,0.036616855091415344,3260,1764938345.7424178,0.024,0.22319568693637848,7.034343434343435e-05,325,26287028.0
0.9917575299739838,6989.332297447,23.69818181818182,0.03810546915046871,3270,1764938365.625251,0.0235,0.2945924699306488,6.993939393939393e-05,326,26368598.0
0.9919389888644219,7009.054382762,23.77090909090909,0.03759044399484992,3280,1764938385.3474317,0.0238,0.14228495955467224,6.953535353535354e-05,327,26447681.0
0.991892147064209,7028.773504111,23.843636363636364,0.03776503114495426,3290,1764938405.0666354,0.0241,0.15419721603393555,6.913131313131314e-05,328,26527724.0
0.991936744004488,7048.578356686,23.916363636363638,0.03747909956146032,3300,1764938424.8716567,0.0241,0.14478200674057007,6.872727272727273e-05,329,26606960.0
0.9920308969914913,7068.367355602,23.98909090909091,0.03839693171903491,3310,1764938444.660394,0.0239,0.1185319796204567,6.832323232323232e-05,330,26688124.0
0.9927788408179032,7087.210380294,24.05818181818182,0.035185426596159995,3320,1764938463.5035348,0.0215,0.1950908601284027,6.791919191919192e-05,331,26766637.0
0.9922526277601719,7107.108596259,24.130909090909093,0.034603891195729375,3330,1764938483.401761,0.022,0.09248939156532288,6.751515151515152e-05,332,26848462.0
0.9922138452529907,7126.929623965,24.203636363636363,0.03519979333505034,3340,1764938503.2226253,0.0228,0.21028409898281097,6.711111111111112e-05,333,26928070.0
0.992437805980444,7146.926270759,24.276363636363637,0.0356585752684623,3350,1764938523.2195,0.0222,0.09009183198213577,6.67070707070707e-05,334,27010087.0
0.992159940302372,7166.764915078,24.349090909090908,0.035343762347474696,3360,1764938543.0580347,0.0223,0.20794260501861572,6.630303030303031e-05,335,27091741.0
0.9922004088759422,7186.588933116,24.421818181818182,0.03518960440997034,3370,1764938562.8820193,0.0228,0.13156646490097046,6.589898989898991e-05,336,27172689.0
0.9921636685729027,7206.440254269,24.494545454545456,0.03416488594375551,3380,1764938582.7333784,0.0226,0.09150055795907974,6.54949494949495e-05,337,27255511.0
0.9922377236187458,7226.265281538,24.567272727272726,0.03587121388409287,3390,1764938602.5582018,0.0227,0.32138389348983765,6.50909090909091e-05,338,27338442.0
0.992431990802288,7246.049303343,24.64,0.03477449433412403,3400,1764938622.3424423,0.0227,0.09144849330186844,6.468686868686868e-05,339,27420051.0
0.9919951170682907,7267.844372407,24.71272727272727,0.035611107712611556,3410,1764938644.1376698,0.0234,0.08653420954942703,6.428282828282829e-05,340,27500441.0
0.9918329313397407,7287.571798865,24.785454545454545,0.03551215787883848,3420,1764938663.8635368,0.0238,0.16324825584888458,6.387878787878789e-05,341,27579491.0
0.9911062337458134,7307.415573116,24.85818181818182,0.036679609282873574,3430,1764938683.7088783,0.025,0.10098525881767273,6.347474747474747e-05,342,27656564.0
0.9918468661606312,7327.17354187,24.93090909090909,0.03697876820806414,3440,1764938703.466778,0.0238,0.270632266998291,6.307070707070707e-05,343,27737279.0
0.9921592254387704,7345.906564423,25.0,0.03610295510703796,3450,1764938722.1997912,0.0239,0.36549192667007446,6.266666666666667e-05,344,27813650.0
0.9926587760448455,7365.700521962,25.072727272727274,0.03498162631876767,3460,1764938741.993757,0.0214,0.08642252534627914,6.226262626262627e-05,345,27895412.0
0.992562647908926,7385.505488782,25.145454545454545,0.034168396261520684,3470,1764938761.7985997,0.0215,0.24171969294548035,6.185858585858586e-05,346,27977204.0
0.9925833523273468,7405.342725021,25.21818181818182,0.033378597092814745,3480,1764938781.6357942,0.0219,0.19634564220905304,6.145454545454545e-05,347,28058709.0
0.9924068376421928,7425.018456151,25.29090909090909,0.03330365032888949,3490,1764938801.3115747,0.022,0.12803296744823456,6.105050505050506e-05,348,28139375.0
0.9924157179892064,7444.696199063,25.363636363636363,0.03490770608186722,3500,1764938820.9895306,0.0222,0.13321681320667267,6.064646464646465e-05,349,28220372.0
0.9919317796826362,7464.379858274,25.436363636363637,0.03462114164140075,3510,1764938840.6731572,0.0223,0.18336445093154907,6.024242424242424e-05,350,28301568.0
0.9921258062124252,7484.207014378,25.509090909090908,0.03446660046465695,3520,1764938860.5000737,0.0227,0.08242861926555634,5.983838383838384e-05,351,28382229.0
0.992154211550951,7504.170655937,25.581818181818182,0.034910575835965574,3530,1764938880.4639063,0.0227,0.09275650233030319,5.9434343434343444e-05,352,28462769.0
0.9916113570332528,7523.918405573,25.654545454545456,0.03462543801870197,3540,1764938900.2116826,0.0231,0.12765592336654663,5.9030303030303035e-05,353,28542552.0
0.9919517830014228,7543.683775554,25.727272727272727,0.03506282125599682,3550,1764938919.976955,0.0237,0.09948106855154037,5.8626262626262626e-05,354,28622043.0
0.9922110624611378,7563.468803028,25.8,0.034781643608585,3560,1764938939.761892,0.0233,0.1590287685394287,5.8222222222222224e-05,355,28702905.0
0.9919969946146011,7583.301743183,25.87272727272727,0.034662640444003044,3570,1764938959.594979,0.0228,0.20059655606746674,5.7818181818181815e-05,356,28784622.0
0.9917173005640507,7603.028674859,25.945454545454545,0.035756368283182384,3580,1764938979.321775,0.024,0.09945296496152878,5.741414141414142e-05,357,28863734.0
0.9919687564435758,7621.84724263,26.014545454545456,0.03370964110485817,3590,1764938998.1404157,0.0222,0.08849591761827469,5.701010101010101e-05,358,28942249.0
0.9924183294177056,7641.63825016,26.087272727272726,0.03282418781891465,3600,1764939017.931516,0.0208,0.0907839760184288,5.660606060606061e-05,359,29024815.0
0.9927109330892563,7663.295692603,26.16,0.0335282837273553,3610,1764939039.5889726,0.0217,0.24494647979736328,5.62020202020202e-05,360,29105829.0
0.992571359872818,7683.097955431,26.232727272727274,0.03319311589002609,3620,1764939059.3909526,0.0214,0.10072058439254761,5.5797979797979805e-05,361,29186811.0
0.9923259563744068,7702.910442349,26.305454545454545,0.03188120722770691,3630,1764939079.203772,0.0209,0.09526083618402481,5.5393939393939396e-05,362,29269036.0
0.9922931984066963,7722.606589403,26.37818181818182,0.033960180985741314,3640,1764939098.8998516,0.0224,0.10500062257051468,5.4989898989898994e-05,363,29348591.0
0.9923317737877368,7742.280246345,26.45090909090909,0.033606612123548985,3650,1764939118.573537,0.0222,0.4167686104774475,5.4585858585858585e-05,364,29428333.0
0.9926093555986881,7761.999826082,26.523636363636363,0.03207605842035264,3660,1764939138.2929394,0.0215,0.2297292798757553,5.418181818181819e-05,365,29511154.0
0.9919994495809078,7781.774113444,26.596363636363638,0.03348145550116897,3670,1764939158.067232,0.0226,0.08457574993371964,5.377777777777778e-05,366,29592212.0
0.9919355012476444,7801.4648806,26.669090909090908,0.03418656755238771,3680,1764939177.7580175,0.0227,0.09559439867734909,5.337373737373738e-05,367,29672368.0
0.9920668460428714,7821.140572116,26.741818181818182,0.03342860916163772,3690,1764939197.433764,0.0224,0.12818334996700287,5.296969696969697e-05,368,29754336.0
0.9920075476169586,7840.93834783,26.814545454545456,0.03401788049377501,3700,1764939217.231582,0.0223,0.10610733181238174,5.2565656565656575e-05,369,29834848.0
0.99200409501791,7860.587327878,26.887272727272727,0.03352595411706716,3710,1764939236.880402,0.0227,0.17242375016212463,5.2161616161616166e-05,370,29915573.0
0.9919872492551803,7880.40008139,26.96,0.03401050369720906,3720,1764939256.6934037,0.0232,0.15409089624881744,5.175757575757576e-05,371,29995327.0
0.9924729238999518,7898.988439785,27.029090909090908,0.03333845028751775,3730,1764939275.2817576,0.0218,0.07201256603002548,5.1353535353535355e-05,372,30072429.0
0.9929541178047657,7918.569359007,27.10181818181818,0.03250557330902666,3740,1764939294.8627143,0.021,0.0801384449005127,5.0949494949494946e-05,373,30152859.0
0.9923676297068595,7938.301878743,27.174545454545456,0.032754693343304095,3750,1764939314.595015,0.0214,0.08443763107061386,5.054545454545455e-05,374,30232888.0
0.9924268327653408,7957.960749182,27.247272727272726,0.032121088029816745,3760,1764939334.253954,0.0214,0.1517912745475769,5.014141414141414e-05,375,30312687.0
0.9925200201570987,7977.697640399,27.32,0.03259391721803695,3770,1764939353.9907384,0.0212,0.14614930748939514,4.973737373737374e-05,376,30395954.0
0.9921641699969769,7997.273282611,27.392727272727274,0.03155690841376781,3780,1764939373.566282,0.0215,0.08880824595689774,4.933333333333334e-05,377,30478294.0
0.9929677292704582,8016.960045095,27.465454545454545,0.03182777944020927,3790,1764939393.2532468,0.0216,0.08415473997592926,4.892929292929293e-05,378,30558182.0
0.992194414138794,8036.543101154,27.53818181818182,0.03174224691465497,3800,1764939412.836221,0.0222,0.09718278795480728,4.852525252525253e-05,379,30639882.0
0.9922871142625809,8058.471234949,27.61090909090909,0.032261358387768266,3810,1764939434.7644358,0.0219,0.0891759917140007,4.8121212121212125e-05,380,30720138.0
0.9920901224017143,8078.343482726,27.683636363636364,0.033816936309449375,3820,1764939454.63673,0.0221,0.106157585978508,4.771717171717172e-05,381,30801813.0
0.9918285615742206,8098.159892088,27.756363636363638,0.031974452850408855,3830,1764939474.452966,0.023,0.13465730845928192,4.7313131313131314e-05,382,30882155.0
0.9915656954050064,8117.822829848,27.829090909090908,0.03293573739938438,3840,1764939494.1160207,0.0225,0.11983450502157211,4.690909090909091e-05,383,30961182.0
0.9922860339283943,8137.974521763,27.901818181818182,0.03315864163450897,3850,1764939514.2676146,0.0224,0.2418370544910431,4.650505050505051e-05,384,31041829.0
0.992448041588068,8157.901187283,27.974545454545453,0.03224838227033615,3860,1764939534.194239,0.022,0.1002795547246933,4.610101010101011e-05,385,31124156.0
0.9927584215214378,8176.804864164,28.043636363636363,0.032852355219227705,3870,1764939553.0981033,0.0225,0.0971561148762703,4.56969696969697e-05,386,31200581.0
0.9923797734081745,8196.594927308,28.116363636363637,0.030880009452812374,3880,1764939572.8881137,0.0207,0.0704689472913742,4.529292929292929e-05,387,31281294.0
0.9924355804920196,8216.405379159,28.189090909090908,0.03167139731813222,3890,1764939592.6986709,0.021,0.0859680026769638,4.4888888888888894e-05,388,31361634.0
0.9928188234567642,8236.125153061,28.26181818181818,0.03126152001786977,3900,1764939612.418343,0.021,0.08182182908058167,4.4484848484848485e-05,389,31443122.0
0.9926651269197464,8255.988674426,28.334545454545456,0.03097574112471193,3910,1764939632.2815607,0.0209,0.08502708375453949,4.408080808080808e-05,390,31525268.0
0.9924506448209286,8275.755073771,28.407272727272726,0.03077604735735804,3920,1764939652.0482183,0.0212,0.08474110811948776,4.3676767676767674e-05,391,31605795.0
0.992547994107008,8295.620363759,28.48,0.0312091137515381,3930,1764939671.9135866,0.0211,0.09488128125667572,4.327272727272728e-05,392,31687400.0
0.991850983351469,8315.593961528,28.552727272727275,0.03155881264247,3940,1764939691.8872948,0.0221,0.21467284858226776,4.286868686868687e-05,393,31766023.0
0.9923233456909657,8335.418612664,28.625454545454545,0.03127572380471975,3950,1764939711.7116334,0.0217,0.09525548666715622,4.246464646464647e-05,394,31847048.0
0.9919315129518509,8355.124490363,28.69818181818182,0.032401631283573804,3960,1764939731.4176724,0.0218,0.08290133625268936,4.206060606060606e-05,395,31928597.0
0.9921785883605481,8374.857988293,28.77090909090909,0.032403653999790547,3970,1764939751.1511042,0.0218,0.10771618038415909,4.165656565656566e-05,396,32008505.0
0.9920877397060395,8394.64305767,28.843636363636364,0.03150079392362386,3980,1764939770.9360564,0.0219,0.09436821937561035,4.1252525252525255e-05,397,32089711.0
0.9923212274909019,8423.838777467,28.916363636363638,0.03140945986378938,3990,1764939800.1290128,0.0216,0.074611134827137,4.084848484848485e-05,398,32171763.0
0.9921041041612625,8455.904896543,28.98909090909091,0.03222531860228628,4000,1764939832.1981614,0.0219,0.09369134157896042,4.0444444444444444e-05,399,32251514.0
0.9923773737330186,8479.223830162,29.05818181818182,0.03199852461387452,4010,1764939855.5170705,0.0214,0.17204877734184265,4.004040404040404e-05,400,32326943.0
0.9923330277204514,8501.436366277,29.130909090909093,0.030066854413598777,4020,1764939877.729571,0.0212,0.10675445199012756,3.963636363636364e-05,401,32405703.0
0.9925475843250752,8523.602187613,29.203636363636363,0.030115145817399026,4030,1764939899.8953075,0.0207,0.07457241415977478,3.923232323232323e-05,402,32486350.0
0.9927813850343228,8545.678670249,29.276363636363637,0.03128021531738341,4040,1764939921.97192,0.0204,0.08256619423627853,3.882828282828283e-05,403,32568763.0
0.9926117785274983,8567.692305537,29.349090909090908,0.029992209747433662,4050,1764939943.985476,0.0202,0.08348295837640762,3.842424242424243e-05,404,32651826.0
0.9926954731345177,8588.68756056,29.421818181818182,0.030601949733681976,4060,1764939964.9807148,0.0206,0.08361989259719849,3.8020202020202025e-05,405,32733505.0
0.9923107974231243,8609.306599172,29.494545454545456,0.030592211778275667,4070,1764939985.5998697,0.0207,0.09397611767053604,3.7616161616161616e-05,406,32815911.0
0.9924712382256985,8629.588412057,29.567272727272726,0.030271946638822555,4080,1764940005.8815594,0.021,0.07740455865859985,3.7212121212121214e-05,407,32898363.0
0.9923719272017479,8650.427923039,29.64,0.030283749545924367,4090,1764940026.721073,0.0212,0.07897598296403885,3.6808080808080805e-05,408,32979570.0
0.9921842202544212,8671.431578264,29.71272727272727,0.030960547970607877,4100,1764940047.7246084,0.0215,0.09313085675239563,3.640404040404041e-05,409,33059309.0
0.9922588497400284,8692.664180407,29.785454545454545,0.031209949241019785,4110,1764940068.9574878,0.0214,0.18360918760299683,3.6e-05,410,33139687.0
0.9924072444438934,8713.101025781,29.85818181818182,0.029437243612483142,4120,1764940089.394336,0.0216,0.2129008024930954,3.55959595959596e-05,411,33220012.0
0.9920712314546108,8733.463548704,29.93090909090909,0.030075768590904772,4130,1764940109.7568026,0.0213,0.07934778183698654,3.519191919191919e-05,412,33302107.0
0.9920533307288822,8752.883941919,30.0,0.03184611369904719,4140,1764940129.1771407,0.0224,0.1570706069469452,3.4787878787878795e-05,413,33376380.0
0.9929594710469246,8773.415274837,30.072727272727274,0.02964595421217382,4150,1764940149.7084517,0.0202,0.062235552817583084,3.4383838383838386e-05,414,33456527.0
0.9927509173750877,8794.179358158,30.145454545454545,0.029675341257825495,4160,1764940170.4724648,0.0203,0.07879367470741272,3.3979797979797984e-05,415,33536302.0
0.9925349891185761,8815.443446497,30.21818181818182,0.03039052167441696,4170,1764940191.7364137,0.0205,0.08933740109205246,3.3575757575757575e-05,416,33615539.0
0.992650394141674,8835.483529234,30.29090909090909,0.02964395945891738,4180,1764940211.7768068,0.0204,0.08130597323179245,3.317171717171717e-05,417,33697061.0
0.9925112381577492,8855.615093084,30.363636363636363,0.030191695387475192,4190,1764940231.9084275,0.0205,0.08369497954845428,3.276767676767677e-05,418,33778509.0
0.9925393112003803,8875.515768656,30.436363636363637,0.02980750349815935,4200,1764940251.8090076,0.0208,0.07415644079446793,3.236363636363636e-05,419,33859754.0
0.9922787241637707,8897.649655874,30.509090909090908,0.029683280200697482,4210,1764940273.9429035,0.0209,0.08625303208827972,3.195959595959596e-05,420,33939877.0
0.9921654477715492,8917.493596593,30.581818181818182,0.03044470213353634,4220,1764940293.78686,0.021,0.2393563687801361,3.155555555555556e-05,421,34021856.0
0.9921146489679813,8941.899019359,30.654545454545456,0.030529972282238305,4230,1764940318.190753,0.0213,0.079498790204525,3.1151515151515156e-05,422,34101675.0
0.9922930516302586,8988.076932298,30.727272727272727,0.029792503966018558,4240,1764940364.370092,0.0211,0.08573637902736664,3.074747474747475e-05,423,34182677.0
0.9924153544008731,9011.57783322,30.8,0.030517635191790758,4250,1764940387.8708463,0.0212,0.08437449485063553,3.0343434343434345e-05,424,34263427.0
0.9922323130071163,9034.148068922,30.87272727272727,0.029899420542642476,4260,1764940410.4412105,0.0218,0.08172780275344849,2.993939393939394e-05,425,34343505.0
0.9922217532992363,9055.715535275,30.945454545454545,0.029514069156721234,4270,1764940432.0086837,0.0209,0.07288113981485367,2.9535353535353537e-05,426,34425865.0
0.9924150132819226,9076.085160971,31.014545454545456,0.029372874549344966,4280,1764940452.3781607,0.0201,0.06183439865708351,2.913131313131313e-05,427,34505645.0
0.9926591604948044,9097.437190629,31.087272727272726,0.029687381512485445,4290,1764940473.7302446,0.0203,0.06655337661504745,2.872727272727273e-05,428,34585328.0
0.9928672172129154,9118.455200826,31.16,0.029870275524444878,4300,1764940494.7480457,0.02,0.08016227185726166,2.8323232323232324e-05,429,34665847.0
0.9927528627216816,9139.456081747,31.232727272727274,0.028818878042511643,4310,1764940515.7492385,0.0198,0.07842449098825455,2.7919191919191922e-05,430,34747807.0
0.992334958910942,9160.249236573,31.305454545454545,0.02929480520542711,4320,1764940536.5420375,0.0202,0.0739663690328598,2.7515151515151516e-05,431,34829094.0
0.9922808609902859,9180.92285827,31.37818181818182,0.02870130867231637,4330,1764940557.2159293,0.0208,0.07951696962118149,2.7111111111111114e-05,432,34908769.0
0.9925626762211323,9201.546850534,31.45090909090909,0.028778189886361362,4340,1764940577.839937,0.0202,0.06695283949375153,2.670707070707071e-05,433,34990521.0
0.9923891700804234,9222.329701254,31.523636363636363,0.030001271050423384,4350,1764940598.6227815,0.0204,0.08461002260446548,2.63030303030303e-05,434,35071887.0
0.9925548978149891,9243.055212703,31.596363636363638,0.030140485148876905,4360,1764940619.3481877,0.0204,0.07709166407585144,2.58989898989899e-05,435,35153635.0
0.9925662606954575,9263.835578652,31.669090909090908,0.03032067883759737,4370,1764940640.128665,0.021,0.08421098440885544,2.5494949494949492e-05,436,35233082.0
0.9921759769320488,9284.45954263,31.741818181818182,0.029192017717286946,4380,1764940660.7528567,0.0208,0.07866829633712769,2.5090909090909094e-05,437,35313901.0
0.992451898753643,9304.972491931,31.814545454545456,0.029172979295253754,4390,1764940681.2655466,0.0208,0.07700095325708389,2.4686868686868688e-05,438,35394977.0
0.9923391111195088,9325.104109833,31.887272727272727,0.02944959590677172,4400,1764940701.3971336,0.0209,0.08218742161989212,2.4282828282828286e-05,439,35475868.0
0.9921562828123569,9346.982770269,31.96,0.029315695306286214,4410,1764940723.2758272,0.0213,0.07612232118844986,2.387878787878788e-05,440,35556447.0
0.9923663139343262,9365.810522061,32.02909090909091,0.029863453543695965,4420,1764940742.103626,0.0205,0.06950462609529495,2.347474747474748e-05,441,35633690.0
0.9931291021406651,9385.742540849,32.10181818181818,0.029525234806351365,4430,1764940762.0356202,0.0197,0.0754195898771286,2.307070707070707e-05,442,35714885.0
0.9928341932594776,9405.470938295,32.17454545454545,0.02849853232037276,4440,1764940781.764132,0.0198,0.06894935667514801,2.2666666666666668e-05,443,35796055.0
0.9927394285798072,9425.04854802,32.24727272727273,0.028230402478948237,4450,1764940801.3417757,0.0198,0.07562166452407837,2.2262626262626262e-05,444,35877188.0
0.9921559616923332,9444.783797165,32.32,0.029348145099356772,4460,1764940821.0770092,0.0203,0.11910322308540344,2.185858585858586e-05,445,35957684.0
0.9928562752902508,9464.543953917,32.39272727272727,0.028881372511386873,4470,1764940840.8373072,0.0201,0.08708363026380539,2.1454545454545455e-05,446,36038415.0
0.9924350082874298,9484.288280022,32.46545454545455,0.02900437528733164,4480,1764940860.5815423,0.0203,0.07876041531562805,2.1050505050505052e-05,447,36119383.0
0.9925375819206238,9504.111414635,32.53818181818182,0.028602705500088633,4490,1764940880.4047086,0.0205,0.08209194988012314,2.0646464646464647e-05,448,36199359.0
0.9925118036568165,9523.813024738,32.61090909090909,0.02862524308729917,4500,1764940900.106129,0.0209,0.08608891814947128,2.0242424242424245e-05,449,36278201.0
0.9925005525350571,9543.56997268,32.68363636363637,0.028642984735779465,4510,1764940919.8630953,0.0202,0.07880569249391556,1.983838383838384e-05,450,36360279.0
0.9923807546496392,9563.537273772,32.75636363636364,0.02938734458293766,4520,1764940939.830486,0.0202,0.08473798632621765,1.9434343434343434e-05,451,36443027.0
0.9922285489737988,9583.481636625,32.82909090909091,0.029544425453059374,4530,1764940959.7748299,0.0205,0.15047010779380798,1.9030303030303032e-05,452,36524488.0
0.9924465887248516,9603.297979646,32.90181818181818,0.02932524955831468,4540,1764940979.5910664,0.0205,0.07147394865751266,1.8626262626262626e-05,453,36606092.0
0.9919944278895855,9623.028362876,32.974545454545456,0.029165209922939538,4550,1764940999.3215742,0.0209,0.07302625477313995,1.8222222222222224e-05,454,36685806.0
0.9924003944585198,9641.83195519,33.04363636363637,0.02902815775259545,4560,1764941018.1250863,0.0203,0.0698544904589653,1.781818181818182e-05,455,36761245.0
0.992652029544115,9661.558026813,33.11636363636364,0.028393520112149417,4570,1764941037.8511002,0.0198,0.07000593841075897,1.7414141414141417e-05,456,36841598.0
0.9928185112774373,9681.344503389,33.18909090909091,0.028911050991155207,4580,1764941057.6376827,0.0196,0.07065420597791672,1.701010101010101e-05,457,36922619.0
0.9926759451627731,9701.397255127,33.261818181818185,0.02914298584219068,4590,1764941077.6905966,0.0199,0.06551940739154816,1.6606060606060606e-05,458,37003654.0
0.9925472639501095,9721.27122727,33.334545454545456,0.02877444413024932,4600,1764941097.5643203,0.0199,0.07511182129383087,1.62020202020202e-05,459,37084627.0
0.9924797311425209,9743.338547417,33.407272727272726,0.02963007693178952,4610,1764941119.631761,0.0204,0.07659394294023514,1.5797979797979798e-05,460,37164259.0
0.9924685709178448,9763.102413953,33.48,0.028544136439450085,4620,1764941139.395617,0.02,0.07793141156435013,1.5393939393939393e-05,461,37245402.0
0.9922126926481724,9783.03398922,33.552727272727275,0.029078644257970153,4630,1764941159.3270733,0.0206,0.07669012993574142,1.498989898989899e-05,462,37324377.0
0.9925565727055072,9802.706731476,33.625454545454545,0.02896788907237351,4640,1764941178.9998035,0.0201,0.08387099951505661,1.4585858585858587e-05,463,37405886.0
0.9925092086195946,9822.567811772,33.698181818181816,0.02764985819812864,4650,1764941198.8609667,0.0206,0.07588919997215271,1.4181818181818181e-05,464,37486241.0
0.9927023001015186,9842.394038439,33.77090909090909,0.028383341617882252,4660,1764941218.6872153,0.02,0.06390056759119034,1.3777777777777778e-05,465,37568150.0
0.992544473707676,9862.12254795,33.843636363636364,0.028703077277168632,4670,1764941238.4158185,0.02,0.07506570219993591,1.3373737373737374e-05,466,37650520.0
0.9925725422799587,9881.781981935,33.916363636363634,0.027917297533713283,4680,1764941258.075102,0.02,0.07506735622882843,1.296969696969697e-05,467,37732942.0
0.992671599239111,9901.376317069,33.98909090909091,0.028263771790079772,4690,1764941277.6694417,0.0204,0.08538772910833359,1.2565656565656566e-05,468,37813880.0
0.9929138939631613,9920.005051286,34.058181818181815,0.028456771819803276,4700,1764941296.2981207,0.0197,0.070353664457798,1.2161616161616162e-05,469,37890271.0
0.9931251592934132,9939.658388227,34.13090909090909,0.028061700239777564,4710,1764941315.951553,0.0195,0.10906504094600677,1.1757575757575757e-05,470,37971311.0
0.9927548795938492,9959.29775869,34.20363636363636,0.02814221680164337,4720,1764941335.5910156,0.0198,0.11474531143903732,1.1353535353535353e-05,471,38052098.0
0.9929642863571644,9978.941194365,34.276363636363634,0.028455762658268213,4730,1764941355.2345555,0.0198,0.07268061488866806,1.094949494949495e-05,472,38132403.0
0.9923454552888871,9998.893155759,34.34909090909091,0.02921886891126633,4740,1764941375.1862776,0.02,0.07212284952402115,1.0545454545454546e-05,473,38213170.0
0.992680786550045,10018.770740377,34.42181818181818,0.029141587275080382,4750,1764941395.0638669,0.0199,0.07311483472585678,1.0141414141414142e-05,474,38294337.0
0.9927030630409718,10038.428848319,34.49454545454545,0.02851724859792739,4760,1764941414.7221284,0.02,0.07303433865308762,9.737373737373738e-06,475,38375149.0
0.9924595408141613,10058.268127509,34.56727272727273,0.027587508130818606,4770,1764941434.561102,0.0198,0.07597201317548752,9.333333333333334e-06,476,38457771.0
0.9925494246184826,10077.923091307,34.64,0.028148834872990847,4780,1764941454.2163546,0.0198,0.07427407056093216,8.92929292929293e-06,477,38538996.0
0.9925482012331486,10097.624428316,34.71272727272727,0.028900340548716486,4790,1764941473.9175262,0.02,0.07501071691513062,8.525252525252525e-06,478,38619785.0
0.9924423091113568,10117.228489348,34.78545454545455,0.02851116335950792,4800,1764941493.5217388,0.0201,0.07987427711486816,8.121212121212121e-06,479,38699428.0
0.9927736692130565,10139.033085421,34.85818181818182,0.02760766998399049,4810,1764941515.3260224,0.0198,0.07928501814603806,7.717171717171717e-06,480,38780678.0
0.9925010621547699,10158.664936027,34.93090909090909,0.027530058450065554,4820,1764941534.9581592,0.0201,0.07759890705347061,7.313131313131314e-06,481,38861523.0
0.9925023968282499,10177.350028201,35.0,0.02902798246788351,4830,1764941553.643129,0.0201,0.11595051735639572,6.909090909090909e-06,482,38939110.0
0.9931186996400356,10196.971173338,35.07272727272727,0.027949757617898287,4840,1764941573.2642846,0.0194,0.06548213213682175,6.505050505050505e-06,483,39019811.0
0.9928720340132713,10216.691350227,35.14545454545455,0.028534497320652007,4850,1764941592.9843934,0.0197,0.07626009732484818,6.101010101010101e-06,484,39099665.0
0.9929614186286926,10236.40872297,35.21818181818182,0.028001821250654757,4860,1764941612.7020617,0.0196,0.061996303498744965,5.696969696969697e-06,485,39180195.0
0.9929858930408955,10255.932498669,35.29090909090909,0.028188782860524952,4870,1764941632.2257273,0.0197,0.07971100509166718,5.292929292929293e-06,486,39260114.0
0.9929637961089611,10275.979221639,35.36363636363637,0.02734766067005694,4880,1764941652.27216,0.0193,0.06766685098409653,4.888888888888889e-06,487,39342556.0
0.9927515737712383,10296.003941173,35.43636363636364,0.02729443721473217,4890,1764941672.2969937,0.0197,0.07473934441804886,4.484848484848485e-06,488,39423589.0
0.9924249097704887,10315.844649615,35.50909090909091,0.028067145100794732,4900,1764941692.1374881,0.0197,0.10302508622407913,4.080808080808081e-06,489,39504450.0
0.9928434990346432,10335.709458848,35.58181818181818,0.02859365860931575,4910,1764941712.0025072,0.0197,0.07914809137582779,3.676767676767677e-06,490,39585094.0
0.9926155358552933,10355.585831819,35.654545454545456,0.028685380006209016,4920,1764941731.8789353,0.0197,0.07026825845241547,3.2727272727272733e-06,491,39665934.0
0.9929470755159855,10375.43831981,35.72727272727273,0.028116852091625334,4930,1764941751.7314625,0.0196,0.07291477918624878,2.8686868686868687e-06,492,39747800.0
0.9929585926234722,10395.353582987,35.8,0.02841585986316204,4940,1764941771.6466808,0.0198,0.07280462235212326,2.4646464646464645e-06,493,39828256.0
0.9925824634730815,10415.156030346,35.872727272727275,0.028933638404123486,4950,1764941791.449285,0.0198,0.0842718556523323,2.0606060606060607e-06,494,39908660.0
0.9925545148551465,10434.964636104,35.945454545454545,0.027908262657001616,4960,1764941811.2578523,0.0197,0.06940411031246185,1.6565656565656565e-06,495,39989921.0
0.9924900076891247,10453.606638562,36.014545454545456,0.02731333812698722,4970,1764941829.8997831,0.0195,0.07964174449443817,1.2525252525252527e-06,496,40067545.0
0.9931118234992027,10473.278294069,36.087272727272726,0.02876793860923499,4980,1764941849.5716367,0.0193,0.06979162245988846,8.484848484848486e-07,497,40149137.0
0.9930374182760715,10493.097276908,36.16,0.028801670600660145,4990,1764941869.3902993,0.0199,0.07579201459884644,4.444444444444445e-07,498,40228228.0
0.9930033728480339,10512.949173615,36.232727272727274,0.028188275848515333,5000,1764941889.2421272,0.0192,0.06886476278305054,4.040404040404041e-08,499,40310166.0
,10515.059512831,36.232727272727274,,5000,1764941891.352996,,,,500,
