train/global_step,train/learning_rate,_step,train/entropy,_runtime,_timestamp,train/grad_norm,train/mean_token_accuracy,train/loss,train/num_tokens,train/epoch
10,3.6e-05,0,0.9243588440120221,17.192306691,1764933458.3432398,1.092973232269287,0.6983207769691944,1.4093,90977.0,0.0015655577299412916
20,7.6e-05,1,1.0737613700330257,33.605596318,1764933474.7565868,0.43363630771636963,0.7078969269990921,1.2374,188216.0,0.0031311154598825833
30,0.000116,2,1.1430934816598892,50.951152874,1764933492.1019588,0.28602614998817444,0.7319685399532319,1.0533,283444.0,0.004696673189823875
40,0.00015600000000000002,3,0.9221746355295182,67.92533409,1764933509.0762975,0.1991235911846161,0.7589920930564403,0.9141,381054.0,0.0062622309197651665
50,0.000196,4,0.9970248147845269,84.316719904,1764933525.4673467,0.2230239361524582,0.7519383080303669,0.929,473943.0,0.007827788649706457
60,0.00019963636363636364,5,0.8972666591405869,100.404215834,1764933541.5552235,0.4742219150066376,0.7652462296187877,0.9007,556023.0,0.00939334637964775
70,0.00019923232323232324,6,0.8241430170834064,117.212756154,1764933558.3637652,0.23085902631282806,0.7785272434353828,0.8044,650763.0,0.010958904109589041
80,0.00019882828282828284,7,0.7947247147560119,134.030536931,1764933575.1814718,0.1949213445186615,0.7866198047995567,0.77,742979.0,0.012524461839530333
90,0.00019842424242424243,8,0.8322941031306982,150.84834104,1764933591.9992704,0.19691748917102814,0.7727916486561298,0.8293,835935.0,0.014090019569471625
100,0.00019802020202020203,9,0.7861992344260216,167.227544352,1764933608.3785346,0.20655988156795502,0.7842146053910255,0.7503,928280.0,0.015655577299412915
110,0.00019761616161616163,10,0.864141558855772,183.973335035,1764933625.1242223,0.18949075043201447,0.7690815202891826,0.8504,1023826.0,0.01722113502935421
120,0.00019721212121212123,11,0.845497615635395,200.473903461,1764933641.6247694,0.16942116618156433,0.7707269825041294,0.8291,1114138.0,0.0187866927592955
130,0.00019680808080808082,12,0.8541942857205868,217.95035108,1764933659.101285,0.18553370237350464,0.7685362331569194,0.8287,1219031.0,0.020352250489236792
140,0.00019640404040404042,13,0.8671452697366476,233.82718148,1764933674.9781048,0.19136184453964233,0.7680429555475712,0.8392,1310769.0,0.021917808219178082
150,0.000196,14,0.8281528037041426,249.815294231,1764933690.9662886,0.20477189123630524,0.7724850378930569,0.7856,1402149.0,0.023483365949119372
160,0.0001955959595959596,15,0.7983257424086332,266.278039708,1764933707.4290407,0.20314690470695496,0.7798232898116112,0.7916,1499088.0,0.025048923679060666
170,0.0001951919191919192,16,0.7485050011426211,282.241711507,1764933723.3927643,0.18121051788330078,0.7984759204089642,0.7087,1590455.0,0.026614481409001956
180,0.00019478787878787881,17,0.8273989047855139,297.96217989,1764933739.1130977,0.20622608065605164,0.7792980894446373,0.7953,1677203.0,0.02818003913894325
190,0.0001943838383838384,18,0.8439307495951652,314.027719168,1764933755.1787572,0.23455224931240082,0.7732176430523395,0.8055,1766827.0,0.02974559686888454
200,0.00019397979797979798,19,0.7985440745949746,330.079341574,1764933771.2303202,0.2283996194601059,0.785611616820097,0.7636,1853292.0,0.03131115459882583
210,0.00019357575757575758,20,0.7751415394246578,347.880487385,1764933789.0314786,0.2739202678203583,0.7879226073622704,0.7469,1946504.0,0.03287671232876712
220,0.00019317171717171718,21,0.7697676699608564,364.416405279,1764933805.567411,0.19398728013038635,0.7890820592641831,0.7598,2032157.0,0.03444227005870842
230,0.00019276767676767678,22,0.7689108323305845,380.945865132,1764933822.0968213,0.2049981951713562,0.7899658024311066,0.7736,2125500.0,0.03600782778864971
240,0.00019236363636363637,23,0.8541779026389122,396.83527373,1764933837.9862187,0.20073260366916656,0.7641092039644718,0.8505,2210403.0,0.037573385518591
250,0.00019195959595959597,24,0.7570212956517934,413.477414652,1764933854.6284287,0.18054050207138062,0.7852836444973945,0.7621,2308147.0,0.03913894324853229
260,0.00019155555555555554,25,0.7838532995432616,429.94040961,1764933871.0912824,0.17913255095481873,0.7860231079161167,0.7852,2401511.0,0.040704500978473585
270,0.00019115151515151517,26,0.7951657947152853,446.327604728,1764933887.478449,0.19381046295166016,0.7821720682084561,0.7665,2487571.0,0.042270058708414875
280,0.00019074747474747477,27,0.8272975150495767,462.742497893,1764933903.8932905,0.22299133241176605,0.7750781290233135,0.8192,2576405.0,0.043835616438356165
290,0.00019034343434343436,28,0.7965969506651163,479.287154939,1764933920.438088,0.20245181024074554,0.7771045528352261,0.792,2669462.0,0.045401174168297455
300,0.00018993939393939396,29,0.8125083666294813,496.125702911,1764933937.276528,0.20909883081912994,0.7866903655230999,0.7791,2760979.0,0.046966731898238745
310,0.00018953535353535353,30,0.7780921526253224,513.500581039,1764933954.647889,0.2145870178937912,0.781329907476902,0.7676,2853593.0,0.04853228962818004
320,0.00018913131313131313,31,0.772494238242507,530.460694309,1764933971.6116352,0.19087736308574677,0.7858990401029586,0.7548,2945085.0,0.05009784735812133
330,0.00018872727272727273,32,0.8495694804936648,547.393007328,1764933988.5439992,0.18140609562397003,0.7662840887904168,0.8287,3039038.0,0.05166340508806262
340,0.00018832323232323233,33,0.7296079002320767,563.993442695,1764934005.1444237,0.16377542912960052,0.7963144555687904,0.7122,3133207.0,0.05322896281800391
350,0.00018791919191919195,34,0.8471198972314596,580.357329144,1764934021.50831,0.19409091770648956,0.7668284252285957,0.8367,3226236.0,0.0547945205479452
360,0.00018751515151515152,35,0.7699294168502092,596.628501266,1764934037.779569,0.18724903464317322,0.7891202367842197,0.7434,3316833.0,0.0563600782778865
370,0.00018711111111111112,36,0.7779834620654583,612.72599729,1764934053.8769524,0.22884231805801392,0.7868727385997772,0.7504,3404247.0,0.05792563600782779
380,0.00018670707070707072,37,0.8326334523037076,628.912757159,1764934070.0636814,0.18858467042446136,0.7775814913213253,0.7778,3493818.0,0.05949119373776908
390,0.00018630303030303032,38,0.7911783002316952,645.199344468,1764934086.3502996,0.1984044462442398,0.7878402955830097,0.7591,3585428.0,0.06105675146771037
400,0.00018589898989898991,39,0.7857086081057787,661.935475805,1764934103.0864007,0.20953071117401123,0.7848543025553226,0.7639,3681555.0,0.06262230919765166
410,0.0001854949494949495,40,0.7267318163067102,679.301336862,1764934120.4523103,0.17830345034599304,0.796584153175354,0.6793,3778827.0,0.06418786692759296
420,0.00018509090909090908,41,0.7824658282101155,695.351106634,1764934136.5020611,0.20917759835720062,0.7844305172562599,0.78,3865101.0,0.06575342465753424
430,0.00018468686868686868,42,0.8091638639569283,711.930642838,1764934153.0816295,0.20030003786087036,0.7760724976658822,0.7725,3965720.0,0.06731898238747554
440,0.0001842828282828283,43,0.8123302731662989,728.852906556,1764934170.0038218,0.231560617685318,0.7755106836557388,0.8046,4059728.0,0.06888454011741683
450,0.0001838787878787879,44,0.78871328253299,744.653567851,1764934185.8045845,0.2965213656425476,0.7800283215939998,0.8007,4143797.0,0.07045009784735812
460,0.00018347474747474747,45,0.7996694821864366,761.166028649,1764934202.3170378,0.18381769955158234,0.7775042943656445,0.7652,4241115.0,0.07201565557729941
470,0.00018307070707070707,46,0.7866257771849632,777.702062527,1764934218.8530488,0.20584546029567719,0.7890170976519585,0.7117,4337469.0,0.0735812133072407
480,0.00018266666666666667,47,0.8117587614804507,794.132740666,1764934235.2837834,0.20192544162273407,0.7772123500704765,0.8137,4428426.0,0.075146771037182
490,0.00018226262626262627,48,0.7853663627058267,810.356254248,1764934251.506848,0.17994917929172516,0.779805063456297,0.7782,4515077.0,0.07671232876712329
500,0.00018185858585858587,49,0.8041738975793123,826.925027263,1764934268.0759835,0.23992979526519775,0.7780211865901947,0.7879,4608643.0,0.07827788649706457
510,0.00018145454545454546,50,0.7466481789946556,843.130414578,1764934284.2813802,0.17958149313926697,0.7919309660792351,0.7146,4698192.0,0.07984344422700587
520,0.00018105050505050504,51,0.8134681962430477,859.30482914,1764934300.4557946,0.19319328665733337,0.7769924089312553,0.7998,4786314.0,0.08140900195694717
530,0.00018064646464646466,52,0.8164386998862028,876.291920059,1764934317.4428678,0.2511852979660034,0.7824355244636536,0.8004,4886629.0,0.08297455968688845
540,0.00018024242424242426,53,0.7321465834975243,892.678114151,1764934333.8291028,0.21216203272342682,0.7957024671137333,0.727,4981654.0,0.08454011741682975
550,0.00017983838383838386,54,0.7962755974382162,909.151777193,1764934350.3026643,0.17049448192119598,0.7794880844652653,0.7691,5074265.0,0.08610567514677103
560,0.00017943434343434345,55,0.7393834605813027,924.986094781,1764934366.1370053,0.23047402501106262,0.7945145294070244,0.7024,5159857.0,0.08767123287671233
570,0.00017903030303030302,56,0.7824132282286882,942.121971754,1764934383.2729473,0.21483521163463593,0.7894672773778438,0.7508,5259236.0,0.08923679060665363
580,0.00017862626262626262,57,0.772689200565219,959.023389795,1764934400.1744237,0.19022324681282043,0.78744727820158,0.7439,5356455.0,0.09080234833659491
590,0.00017822222222222222,58,0.7061836078763009,975.452299165,1764934416.6030912,0.1943380981683731,0.8012041643261909,0.7056,5453033.0,0.0923679060665362
600,0.00017781818181818182,59,0.8278033167123795,992.359567092,1764934433.5104423,0.18721815943717957,0.7756721042096615,0.8004,5545841.0,0.09393346379647749
610,0.00017741414141414144,60,0.8021964671090245,1010.460178005,1764934451.611207,0.19799397885799408,0.7835773512721061,0.8,5648352.0,0.09549902152641879
620,0.00017701010101010101,61,0.7424962505698204,1026.62915626,1764934467.7801292,0.2210531234741211,0.7930683128535747,0.7098,5739292.0,0.09706457925636008
630,0.0001766060606060606,62,0.807950327731669,1043.495773907,1764934484.646698,0.19553391635417938,0.773777536302805,0.8158,5833781.0,0.09863013698630137
640,0.0001762020202020202,63,0.7920550387352705,1059.725051599,1764934500.8759325,0.2350861132144928,0.7821049243211746,0.7603,5928888.0,0.10019569471624266
650,0.0001757979797979798,64,0.7714979058131576,1076.262123937,1764934517.4131076,0.20289680361747742,0.7823167234659195,0.7704,6024541.0,0.10176125244618395
660,0.0001753939393939394,65,0.7158453326672316,1092.644052221,1764934533.7950613,0.18576721847057343,0.7943284541368485,0.7002,6119077.0,0.10332681017612524
670,0.000174989898989899,66,0.7720249028876424,1109.978445155,1764934551.129447,0.24173933267593384,0.7894226975739003,0.7618,6217059.0,0.10489236790606654
680,0.00017458585858585857,67,0.863517864048481,1127.015048538,1764934568.166,0.1831853836774826,0.7704330593347549,0.8428,6319764.0,0.10645792563600782
690,0.00017418181818181817,68,0.7605093207210303,1143.571505365,1764934584.7223232,0.22845174372196198,0.7835455141961575,0.7793,6405920.0,0.10802348336594912
700,0.0001737777777777778,69,0.7720708481967449,1160.21540182,1764934601.3663886,0.1730237454175949,0.7856250822544097,0.75,6499916.0,0.1095890410958904
710,0.0001733737373737374,70,0.7799328219145536,1176.672503107,1764934617.823553,0.20832200348377228,0.7857562556862832,0.7563,6591249.0,0.1111545988258317
720,0.000172969696969697,71,0.806526641920209,1193.306408514,1764934634.457333,0.2415342926979065,0.7750648781657219,0.8287,6684193.0,0.112720156555773
730,0.00017256565656565656,72,0.7912501031532884,1209.609955806,1764934650.7609103,0.2501894533634186,0.7808795355260372,0.7648,6774336.0,0.11428571428571428
740,0.00017216161616161616,73,0.7470887828618288,1225.872788014,1764934667.023707,0.2591037452220917,0.7907848656177521,0.7429,6869785.0,0.11585127201565558
750,0.00017175757575757576,74,0.7629738107323647,1242.822710673,1764934683.9736712,0.20397809147834778,0.7881209127604961,0.7396,6966049.0,0.11741682974559686
760,0.00017135353535353536,75,0.7479809990152717,1258.928158103,1764934700.0791965,0.1899731606245041,0.7886712834239006,0.744,7058040.0,0.11898238747553816
770,0.00017094949494949496,76,0.7707106990739703,1275.681423162,1764934716.8323913,0.18826648592948914,0.7853553347289562,0.7716,7156241.0,0.12054794520547946
780,0.00017054545454545455,77,0.7514821786433459,1291.651375847,1764934732.8022156,0.2192884385585785,0.796591653674841,0.7174,7243398.0,0.12211350293542074
790,0.00017014141414141415,78,0.7779345080256462,1308.767431813,1764934749.9182703,0.24970607459545135,0.7838419854640961,0.7835,7334015.0,0.12367906066536204
800,0.00016973737373737375,79,0.7797737009823322,1325.348717485,1764934766.4996424,0.1735423058271408,0.7832190319895744,0.7896,7426124.0,0.12524461839530332
810,0.00016933333333333335,80,0.7765277963131666,1342.745086286,1764934783.896039,0.19733813405036926,0.7862468518316745,0.7242,7513025.0,0.12681017612524462
820,0.00016892929292929295,81,0.7970200251787901,1359.315958888,1764934800.466853,0.20797377824783325,0.7782444737851619,0.7796,7604656.0,0.12837573385518591
830,0.00016852525252525254,82,0.8120566315948963,1375.949442958,1764934817.1004617,0.22403761744499207,0.7832372553646565,0.7764,7698225.0,0.1299412915851272
840,0.00016812121212121211,83,0.8273753318935633,1391.674818995,1764934832.8257947,0.21725451946258545,0.7768558718264102,0.7964,7782788.0,0.13150684931506848
850,0.0001677171717171717,84,0.7782578341662884,1408.155994257,1764934849.3070087,0.19278904795646667,0.7874222695827484,0.7579,7882452.0,0.13307240704500978
860,0.0001673131313131313,85,0.7432499293237924,1424.487115394,1764934865.6380875,0.21650812029838562,0.7967673078179359,0.7402,7974713.0,0.13463796477495107
870,0.00016690909090909093,86,0.7162525862455368,1441.305940096,1764934882.4569018,0.21363991498947144,0.7991311602294445,0.694,8070206.0,0.13620352250489237
880,0.00016650505050505053,87,0.7758281663060188,1457.704310954,1764934898.855278,0.17383311688899994,0.7820709854364395,0.7797,8162394.0,0.13776908023483367
890,0.0001661010101010101,88,0.7278638929128647,1474.770753585,1764934915.9217315,0.1802932620048523,0.7923939026892185,0.7376,8261346.0,0.13933463796477494
900,0.0001656969696969697,89,0.7803230226039887,1490.932334299,1764934932.0833204,0.2043328881263733,0.7861514024436473,0.7629,8347905.0,0.14090019569471623
910,0.0001652929292929293,90,0.8199476320296526,1507.12643587,1764934948.2774303,0.19444504380226135,0.7742239378392697,0.8426,8435153.0,0.14246575342465753
920,0.0001648888888888889,91,0.7593123115599155,1524.124618286,1764934965.2754893,0.20802216231822968,0.7958078429102897,0.7202,8530734.0,0.14403131115459883
930,0.0001644848484848485,92,0.7647203389555216,1541.016807802,1764934982.1677163,0.19540782272815704,0.7850633926689625,0.7499,8621596.0,0.14559686888454013
940,0.00016408080808080807,93,0.7663474552333355,1557.64624618,1764934998.7971625,0.196284219622612,0.7883692815899849,0.7657,8711091.0,0.1471624266144814
950,0.0001636767676767677,94,0.7968550253659487,1574.217769547,1764935015.3687756,0.17229007184505463,0.7797870606184005,0.7659,8804335.0,0.1487279843444227
960,0.0001632727272727273,95,0.7507122434675694,1590.435020811,1764935031.585951,0.23911945521831512,0.7853319808840752,0.7568,8891032.0,0.150293542074364
970,0.0001628686868686869,96,0.7592569205909967,1606.98396232,1764935048.1349216,0.19639627635478973,0.7935344278812408,0.7467,8982414.0,0.1518590998043053
980,0.00016246464646464648,97,0.747722240164876,1623.812021866,1764935064.9630005,0.19179342687129974,0.7932802245020867,0.7459,9075627.0,0.15342465753424658
990,0.00016206060606060606,98,0.695273581147194,1640.54927359,1764935081.7002654,0.1899283081293106,0.8065786056220532,0.6631,9172441.0,0.15499021526418788
1000,0.00016165656565656565,99,0.7470928059890867,1657.769666221,1764935098.9206545,0.22304728627204895,0.7882956273853778,0.7524,9263086.0,0.15655577299412915
1010,0.00016125252525252525,100,0.7675077116116882,1675.745169631,1764935116.8960104,0.19142000377178192,0.7849371999502182,0.7712,9361108.0,0.15812133072407045
1020,0.00016084848484848485,101,0.7293546460568905,1692.564247068,1764935133.715176,0.22742320597171783,0.7986990049481392,0.6658,9457922.0,0.15968688845401174
1030,0.00016044444444444445,102,0.7803238920867444,1709.423934658,1764935150.5749583,0.19448046386241913,0.777681791037321,0.8168,9555946.0,0.16125244618395304
1040,0.00016004040404040405,103,0.8007140479981899,1726.228849546,1764935167.3797438,0.2195759415626526,0.7794116854667663,0.7743,9647459.0,0.16281800391389434
1050,0.00015963636363636364,104,0.7712235033512116,1743.024683646,1764935184.1756191,0.22918251156806946,0.7843523941934109,0.7439,9737183.0,0.1643835616438356
1060,0.00015923232323232324,105,0.7312980815768242,1760.076374159,1764935201.2274232,0.2278413325548172,0.7966856122016907,0.7077,9831619.0,0.1659491193737769
1070,0.00015882828282828284,106,0.7415192574262619,1776.146576839,1764935217.2974205,0.1928473860025406,0.7937900833785534,0.7151,9921108.0,0.1675146771037182
1080,0.00015842424242424244,107,0.7120067916810513,1792.643048649,1764935233.793811,0.22829003632068634,0.801008852571249,0.6935,10007536.0,0.1690802348336595
1090,0.00015802020202020203,108,0.7773126073181629,1809.145316905,1764935250.2962942,0.19756969809532166,0.78270628079772,0.7771,10097913.0,0.1706457925636008
1100,0.0001576161616161616,109,0.7541964661329985,1826.203170624,1764935267.3540611,0.19998803734779358,0.7908608697354793,0.7485,10191326.0,0.17221135029354206
1110,0.0001572121212121212,110,0.7517826415598392,1842.932353492,1764935284.0833158,0.24105386435985565,0.7886581175029278,0.7544,10272160.0,0.17377690802348336
1120,0.00015680808080808083,111,0.7800606172531843,1859.041055816,1764935300.192013,0.24007880687713623,0.7844647094607353,0.7765,10356836.0,0.17534246575342466
1130,0.00015640404040404043,112,0.7396570783108473,1875.793818344,1764935316.9447224,0.2461366206407547,0.7914602242410183,0.7316,10452827.0,0.17690802348336596
1140,0.00015600000000000002,113,0.7579211173579097,1893.020525347,1764935334.1714764,0.1791275441646576,0.7900890812277794,0.7304,10551511.0,0.17847358121330725
1150,0.0001555959595959596,114,0.7706535041332245,1909.568901787,1764935350.7198505,0.1682327687740326,0.7836558006703853,0.7671,10644750.0,0.18003913894324852
1160,0.0001551919191919192,115,0.7262819312512875,1926.179395414,1764935367.3302896,0.3038220703601837,0.7991719715297222,0.6821,10736751.0,0.18160469667318982
1170,0.0001547878787878788,116,0.7496153201907874,1942.86031438,1764935384.0112927,0.19707894325256348,0.7888064302504063,0.7303,10829326.0,0.18317025440313112
1180,0.0001543838383838384,117,0.8200009997934103,1959.732142936,1764935400.8830943,0.23253020644187927,0.7810313403606415,0.782,10926551.0,0.1847358121330724
1190,0.000153979797979798,118,0.7782453324645757,1976.382201032,1764935417.5331082,0.2425491064786911,0.7858367018401623,0.7702,11022679.0,0.1863013698630137
1200,0.00015357575757575758,119,0.7775050140917301,1992.92085295,1764935434.071764,0.2167959064245224,0.7847656160593033,0.7762,11115520.0,0.18786692759295498
1210,0.00015317171717171718,120,0.7551588356494904,2010.464781048,1764935451.6158047,0.20789943635463715,0.7884494356811047,0.7352,11210176.0,0.18943248532289628
1220,0.00015276767676767678,121,0.771014213655144,2027.039570682,1764935468.190521,0.22732193768024445,0.7869077861309052,0.7461,11306285.0,0.19099804305283757
1230,0.00015236363636363638,122,0.6994679715484381,2043.289473146,1764935484.4402823,0.19348901510238647,0.8052128687500953,0.6788,11398022.0,0.19256360078277887
1240,0.00015195959595959598,123,0.736673628166318,2060.267148101,1764935501.4179811,0.17445608973503113,0.7898961901664734,0.7496,11493802.0,0.19412915851272017
1250,0.00015155555555555557,124,0.7675638146698475,2077.249697159,1764935518.4006474,0.2233734279870987,0.7915261596441269,0.7317,11587704.0,0.19569471624266144
1260,0.00015115151515151515,125,0.7866640161722899,2093.261830845,1764935534.4128509,0.2527662515640259,0.7875771529972553,0.7571,11676883.0,0.19726027397260273
1270,0.00015074747474747474,126,0.7921113129705191,2109.201312433,1764935550.3523343,0.2196456491947174,0.7876609295606614,0.7689,11767518.0,0.19882583170254403
1280,0.00015034343434343434,127,0.7648146443068982,2125.186747608,1764935566.3376844,0.23524898290634155,0.7900267340242862,0.7552,11857919.0,0.20039138943248533
1290,0.00014993939393939397,128,0.7570157580077648,2141.344863865,1764935582.495848,0.21972908079624176,0.7977198965847492,0.728,11951385.0,0.20195694716242663
1300,0.00014953535353535356,129,0.7258766815066338,2157.627490582,1764935598.7784472,0.206222802400589,0.7924726165831089,0.7175,12049010.0,0.2035225048923679
1310,0.00014913131313131313,130,0.8188137670978903,2174.481021975,1764935615.631994,0.1931891292333603,0.7814332321286201,0.7534,12148327.0,0.2050880626223092
1320,0.00014872727272727273,131,0.7449295844882726,2190.7305491,1764935631.881567,0.1990976482629776,0.7890792228281498,0.736,12241420.0,0.2066536203522505
1330,0.00014832323232323233,132,0.7641481008380652,2207.394962042,1764935648.54596,0.21515828371047974,0.787990852445364,0.7682,12334722.0,0.20821917808219179
1340,0.00014791919191919193,133,0.7270365916192532,2223.385492244,1764935664.5363617,0.2166028618812561,0.7952623538672924,0.6994,12424957.0,0.20978473581213308
1350,0.00014751515151515153,134,0.7252786813303829,2239.610358027,1764935680.7613063,0.20304614305496216,0.7921635411679745,0.7214,12513715.0,0.21135029354207435
1360,0.00014711111111111112,135,0.7563919275999069,2256.100336174,1764935697.2512772,0.16590088605880737,0.78610450476408,0.7335,12612236.0,0.21291585127201565
1370,0.0001467070707070707,136,0.7780581168830395,2272.569990423,1764935713.7209632,0.19315482676029205,0.7864841133356094,0.7363,12703137.0,0.21448140900195695
1380,0.00014630303030303032,137,0.7108363319188357,2288.334894395,1764935729.4858403,0.2220102846622467,0.8032677493989467,0.6915,12787854.0,0.21604696673189824
1390,0.00014589898989898992,138,0.7866087321192026,2305.620007424,1764935746.770873,0.25249525904655457,0.7842257589101791,0.7879,12881171.0,0.21761252446183954
1400,0.00014549494949494952,139,0.7068142674863338,2322.662828511,1764935763.8136587,0.24986563622951508,0.8007870726287365,0.7001,12974081.0,0.2191780821917808
1410,0.0001450909090909091,140,0.7684341218322516,2340.100518717,1764935781.2515385,0.1925346553325653,0.7906553126871586,0.735,13062015.0,0.2207436399217221
1420,0.00014468686868686868,141,0.776998371258378,2356.400568728,1764935797.5514755,0.2656196057796478,0.7872232474386692,0.7516,13148328.0,0.2223091976516634
1430,0.00014428282828282828,142,0.710506996512413,2372.62752804,1764935813.7784257,0.22888562083244324,0.8058588542044163,0.6902,13237814.0,0.2238747553816047
1440,0.00014387878787878788,143,0.7589044844731688,2389.174891868,1764935830.325821,0.16308686137199402,0.7902063094079494,0.7222,13339902.0,0.225440313111546
1450,0.00014347474747474748,144,0.7540726132690907,2405.266140421,1764935846.4170556,0.21436069905757904,0.7932296216487884,0.7157,13426734.0,0.22700587084148727
1460,0.00014307070707070708,145,0.7229581460356712,2421.768562956,1764935862.9194207,0.23285092413425446,0.7968269415199757,0.7066,13515232.0,0.22857142857142856
1470,0.00014266666666666667,146,0.7906783394515514,2438.796128185,1764935879.9470654,0.21056276559829712,0.7858001053333282,0.758,13613339.0,0.23013698630136986
1480,0.00014226262626262627,147,0.7269568424671888,2454.824432654,1764935895.9753916,0.21147489547729492,0.7974100016057492,0.6878,13700823.0,0.23170254403131116
1490,0.00014185858585858587,148,0.7868619313463568,2471.657014596,1764935912.8080144,0.2542642056941986,0.7858337953686714,0.7556,13801644.0,0.23326810176125246
1500,0.00014145454545454547,149,0.7476558733731509,2488.22309639,1764935929.3740482,0.25694823265075684,0.7957089833915234,0.7253,13896838.0,0.23483365949119372
1510,0.00014105050505050507,150,0.7836161561310291,2504.829202765,1764935945.9802086,0.24705883860588074,0.7861592218279838,0.7717,13989897.0,0.23639921722113502
1520,0.00014064646464646464,151,0.7419461663812399,2521.893057473,1764935963.0439398,0.20300108194351196,0.7960584819316864,0.7128,14077195.0,0.23796477495107632
1530,0.00014024242424242423,152,0.753452281281352,2538.183991168,1764935979.3349323,0.27846014499664307,0.7886880315840245,0.7494,14163945.0,0.23953033268101762
1540,0.00013983838383838383,153,0.7145691588521004,2554.923805934,1764935996.074826,0.20765960216522217,0.8007695630192757,0.689,14265009.0,0.2410958904109589
1550,0.00013943434343434346,154,0.7574914295226336,2571.506692245,1764936012.6576555,0.2247190624475479,0.787774170935154,0.7512,14356007.0,0.24266144814090018
1560,0.00013903030303030306,155,0.7798343895934522,2587.740938321,1764936028.8918788,0.26302629709243774,0.7819488808512688,0.7579,14454854.0,0.24422700587084148
1570,0.00013862626262626263,156,0.7370701439678669,2604.181485622,1764936045.332432,0.21482513844966888,0.7930128268897534,0.7225,14549428.0,0.24579256360078278
1580,0.00013822222222222222,157,0.7942091718316078,2620.691819535,1764936061.8427424,0.2083786427974701,0.7823122262954711,0.7602,14639099.0,0.24735812133072407
1590,0.00013781818181818182,158,0.7725811708718539,2637.323156088,1764936078.473991,0.2585162818431854,0.7894995048642158,0.7467,14726444.0,0.24892367906066537
1600,0.00013741414141414142,159,0.7120000768452883,2653.655655937,1764936094.8066063,0.1985476315021515,0.8015272311866284,0.6739,14816170.0,0.25048923679060664
1610,0.00013701010101010102,160,0.7519223995506763,2671.301943874,1764936112.452935,0.22470498085021973,0.7888876512646675,0.7445,14910984.0,0.25205479452054796
1620,0.00013660606060606062,161,0.7163999330252409,2686.946904378,1764936128.097817,0.22578439116477966,0.8008544437587262,0.6796,14997774.0,0.25362035225048923
1630,0.0001362020202020202,162,0.7553952235728503,2703.370545083,1764936144.5214646,0.2627354562282562,0.7927694104611873,0.7173,15093075.0,0.2551859099804305
1640,0.0001357979797979798,163,0.7781771913170814,2719.669844412,1764936160.8208528,0.23921920359134674,0.7844246789813042,0.7483,15188667.0,0.25675146771037183
1650,0.0001353939393939394,164,0.7216053828597069,2735.279936003,1764936176.4309256,0.23982200026512146,0.7975992672145367,0.7152,15276491.0,0.2583170254403131
1660,0.000134989898989899,165,0.754823836684227,2751.777800837,1764936192.928792,0.19129827618598938,0.7911872632801533,0.7289,15374990.0,0.2598825831702544
1670,0.0001345858585858586,166,0.7558702098205685,2768.163373319,1764936209.3143115,0.3484938442707062,0.7914327383041382,0.7254,15467379.0,0.2614481409001957
1680,0.00013418181818181818,167,0.7357164807617664,2784.416113152,1764936225.5669765,0.2455524355173111,0.7984378509223461,0.7085,15558202.0,0.26301369863013696
1700,0.00013337373737373737,169,0.7589576233178377,2817.162798871,1764936258.3138018,0.1938014179468155,0.7957667373120785,0.7383,15747006.0,0.26614481409001955
1710,0.00013296969696969697,170,0.7548660144209862,2833.816841648,1764936274.9678626,0.22308285534381866,0.7918556369841099,0.732,15839510.0,0.2677103718199609
1720,0.0001325656565656566,171,0.7384737707674504,2850.427965058,1764936291.57677,0.21679989993572235,0.7921219974756241,0.7196,15932704.0,0.26927592954990215
1730,0.00013216161616161617,172,0.7745782159268856,2867.630334804,1764936308.7811978,0.1808788925409317,0.7857306584715843,0.758,16032114.0,0.2708414872798434
1740,0.00013175757575757576,173,0.7872921172529459,2883.568876433,1764936324.7198539,0.21619394421577454,0.7860982485115529,0.7538,16121504.0,0.27240704500978474
1750,0.00013135353535353536,174,0.7086215453222394,2899.558299338,1764936340.7092183,0.20942910015583038,0.8035802491009235,0.6518,16215737.0,0.273972602739726
1760,0.00013094949494949496,175,0.7427771557122469,2915.785500176,1764936356.9364433,0.20297439396381378,0.7893428966403008,0.7232,16305718.0,0.27553816046966734
1770,0.00013054545454545456,176,0.7707273311913013,2931.577043092,1764936372.7280169,0.28042125701904297,0.7849416993558407,0.7573,16389852.0,0.2771037181996086
1780,0.00013014141414141416,177,0.7036414604634047,2947.331307788,1764936388.4821992,0.2441946268081665,0.8013920277357102,0.6779,16476359.0,0.2786692759295499
1790,0.00012973737373737373,178,0.7448353473097086,2963.536887852,1764936404.6878412,0.2285732626914978,0.7924712367355824,0.7405,16568274.0,0.2802348336594912
1800,0.00012933333333333332,179,0.7568387679755688,2980.081454155,1764936421.2322896,0.2583251893520355,0.7968099325895309,0.7166,16666699.0,0.28180039138943247
1810,0.00012892929292929295,180,0.7345999900251627,2998.16834391,1764936439.319269,0.24131090939044952,0.7895825758576394,0.7437,16757413.0,0.2833659491193738
1820,0.00012852525252525255,181,0.7432034131139517,3014.689602476,1764936455.8405807,0.24355962872505188,0.7939259700477124,0.727,16851399.0,0.28493150684931506
1830,0.00012812121212121212,182,0.7198460210114718,3030.957811011,1764936472.1088023,0.2016071379184723,0.7992179207503796,0.7086,16940580.0,0.28649706457925633
1840,0.00012771717171717172,183,0.7608950067311525,3047.130822034,1764936488.281768,0.2908497452735901,0.7956124417483806,0.7215,17031019.0,0.28806262230919766
1850,0.0001273131313131313,184,0.741799582913518,3062.837596355,1764936503.9884734,0.25499841570854187,0.8025122374296189,0.6937,17115950.0,0.2896281800391389
1860,0.0001269090909090909,185,0.7312395602464676,3078.845410675,1764936519.9963381,0.29163384437561035,0.7903102114796638,0.7575,17208100.0,0.29119373776908025
1870,0.0001265050505050505,186,0.7133423984050751,3095.54192662,1764936536.6928596,0.25951099395751953,0.8031715951859951,0.6864,17304451.0,0.2927592954990215
1880,0.0001261010101010101,187,0.7351575341075659,3111.252831609,1764936552.4037285,0.2594374418258667,0.793957383185625,0.7275,17388270.0,0.2943248532289628
1890,0.0001256969696969697,188,0.7501198254525662,3127.199394069,1764936568.350353,0.23602263629436493,0.7963066957890987,0.7253,17477032.0,0.2958904109589041
1900,0.0001252929292929293,189,0.744273616746068,3145.042574446,1764936586.193604,0.2003949135541916,0.7916350655257702,0.747,17581831.0,0.2974559686888454
1910,0.0001248888888888889,190,0.7684103395789862,3162.108269105,1764936603.2592297,0.19947634637355804,0.7823193587362767,0.75,17688555.0,0.2990215264187867
1920,0.0001244848484848485,191,0.705708722025156,3178.853548191,1764936620.0045378,0.2112908959388733,0.8006430990993977,0.7031,17788791.0,0.300587084148728
1930,0.0001240808080808081,192,0.7466554138809443,3194.866811507,1764936636.017769,0.2304581254720688,0.7967223644256591,0.7032,17879701.0,0.3021526418786693
1940,0.00012367676767676767,193,0.7633381206542253,3210.9571255,1764936652.108125,0.27775418758392334,0.7780132681131363,0.7786,17969460.0,0.3037181996086106
1950,0.00012327272727272727,194,0.7448361691087484,3227.14452283,1764936668.295465,0.28814131021499634,0.7923051133751869,0.7483,18065859.0,0.30528375733855184
1960,0.00012286868686868686,195,0.7348510138690472,3243.431685255,1764936684.5826023,0.1989435851573944,0.7969542436301709,0.6911,18155364.0,0.30684931506849317
1970,0.00012246464646464646,196,0.7715873748064042,3259.54067241,1764936700.6916509,0.28276321291923523,0.7871977508068084,0.7666,18243967.0,0.30841487279843444
1980,0.00012206060606060607,197,0.7420015349984169,3275.588290952,1764936716.7391493,0.21484026312828064,0.7916227206587791,0.7317,18330234.0,0.30998043052837576
1990,0.00012165656565656567,198,0.7157021049410105,3291.601549084,1764936732.7524922,0.22003768384456635,0.8001341372728348,0.7026,18423296.0,0.31154598825831703
2000,0.00012125252525252527,199,0.7128962192684412,3308.344809361,1764936749.4956377,0.2197088748216629,0.7972002573311329,0.7217,18521230.0,0.3131115459882583
2010,0.00012084848484848485,200,0.7368518820032477,3325.979991834,1764936767.1309204,0.22760580480098724,0.7963839255273342,0.7104,18612382.0,0.3146771037181996
2020,0.00012044444444444445,201,0.7455099940299987,3341.76349441,1764936782.9144921,0.1888948380947113,0.7953222036361695,0.7012,18705471.0,0.3162426614481409
2030,0.00012004040404040405,202,0.7507304426282644,3357.681959372,1764936798.8327818,0.24560362100601196,0.792668242007494,0.7006,18796571.0,0.3178082191780822
2040,0.00011963636363636363,203,0.6843204466626048,3373.734517001,1764936814.885489,0.28373274207115173,0.8134459547698498,0.6408,18879120.0,0.3193737769080235
2050,0.00011923232323232323,204,0.8120236244052649,3390.359647667,1764936831.5106132,0.21428154408931732,0.7780955240130425,0.811,18972694.0,0.32093933463796476
2060,0.00011882828282828284,205,0.7911511946469545,3406.891414006,1764936848.0423365,0.23346248269081116,0.7836052730679512,0.7377,19059531.0,0.3225048923679061
2070,0.00011842424242424244,206,0.7416044041514397,3423.201122901,1764936864.352141,0.248688206076622,0.7921955056488514,0.736,19150064.0,0.32407045009784735
2080,0.00011802020202020202,207,0.7675886504352093,3439.712996297,1764936880.863933,0.21177062392234802,0.7893445625901222,0.7333,19244072.0,0.3256360078277887
2090,0.00011761616161616162,208,0.7273472413420677,3456.166536864,1764936897.3173947,0.18234990537166595,0.793918638676405,0.7576,19335968.0,0.32720156555772995
2100,0.00011721212121212122,209,0.7294331386685371,3472.909245829,1764936914.0601165,0.29110029339790344,0.8016053833067417,0.6908,19428927.0,0.3287671232876712
2110,0.0001168080808080808,210,0.7588395908474922,3489.168876355,1764936930.319813,0.22126464545726776,0.7925172291696072,0.7315,19517817.0,0.33033268101761254
2120,0.0001164040404040404,211,0.7522698245942593,3506.098376194,1764936947.2493374,0.22853673994541168,0.7923840239644051,0.7177,19610528.0,0.3318982387475538
2130,0.000116,212,0.7451861016452312,3522.419284516,1764936963.5700965,0.2806311547756195,0.7921684257686138,0.7034,19703438.0,0.33346379647749513
2140,0.00011559595959595959,213,0.7386787869036198,3538.481723923,1764936979.6327074,0.19942903518676758,0.7904569312930108,0.7211,19794826.0,0.3350293542074364
2150,0.00011519191919191921,214,0.7249192044138908,3555.013498142,1764936996.1644092,0.18750464916229248,0.7960960693657398,0.7083,19888935.0,0.33659491193737767
2160,0.0001147878787878788,215,0.7156218111515045,3571.142480468,1764937012.2934444,0.2051297128200531,0.8000286959111691,0.6866,19981445.0,0.338160469667319
2170,0.00011438383838383839,216,0.7380327109247447,3587.835755496,1764937028.9866724,0.27227693796157837,0.7970854379236698,0.7,20074679.0,0.33972602739726027
2180,0.00011397979797979799,217,0.7312970511615277,3604.474861456,1764937045.6258013,0.25962963700294495,0.7957728080451488,0.6884,20173396.0,0.3412915851272016
2190,0.00011357575757575757,218,0.7140749387443066,3621.108460873,1764937062.2594213,0.24146482348442078,0.7989811904728412,0.7193,20273758.0,0.34285714285714286
2200,0.00011317171717171717,219,0.7637420352548361,3637.318185742,1764937078.469099,0.23304076492786407,0.7898036494851113,0.7258,20365211.0,0.34442270058708413
2210,0.00011276767676767677,220,0.7117269266396761,3654.030470658,1764937095.1814342,0.2057809829711914,0.802524159103632,0.6823,20450466.0,0.34598825831702545
2220,0.00011236363636363635,221,0.7889789942651987,3670.5461646,1764937111.6971247,0.17694160342216492,0.7832901097834111,0.7802,20545636.0,0.3475538160469667
2230,0.00011195959595959598,222,0.7303266994655132,3687.150356965,1764937128.301304,0.2202715426683426,0.7953766748309136,0.7025,20645939.0,0.34911937377690805
2240,0.00011155555555555556,223,0.7436129376292229,3704.013202664,1764937145.16408,0.24235758185386658,0.7963097907602787,0.7095,20734532.0,0.3506849315068493
2250,0.00011115151515151516,224,0.7247688274830579,3721.660438645,1764937162.8113341,0.2857036888599396,0.7962438285350799,0.7051,20824241.0,0.3522504892367906
2260,0.00011074747474747476,225,0.7039897382259369,3737.965482833,1764937179.1163952,0.27854442596435547,0.8050133429467679,0.6669,20918556.0,0.3538160469667319
2270,0.00011034343434343434,226,0.7072876170277596,3754.704872197,1764937195.8558326,0.22318509221076965,0.7970627501606942,0.6918,21014042.0,0.3553816046966732
2280,0.00010993939393939394,227,0.8202262915670872,3771.79616311,1764937212.9470496,0.1949480026960373,0.7807232514023781,0.7656,21110176.0,0.3569471624266145
2290,0.00010953535353535354,228,0.7536974590271711,3787.945972667,1764937229.0968049,0.2752809226512909,0.78850509673357,0.7805,21196687.0,0.3585127201565558
2300,0.00010913131313131312,229,0.7305057674646378,3804.530856178,1764937245.68191,0.2303817868232727,0.7971703074872494,0.7242,21289742.0,0.36007827788649704
2310,0.00010872727272727272,230,0.6992421336472034,3820.109036713,1764937261.259947,0.24421146512031555,0.8011020116508007,0.6629,21379129.0,0.36164383561643837
2320,0.00010832323232323233,231,0.7691771425306797,3836.906668648,1764937278.0575526,0.27438175678253174,0.7866292096674442,0.7345,21472914.0,0.36320939334637964
2330,0.00010791919191919193,232,0.73528296276927,3852.99877193,1764937294.149696,0.19888187944889069,0.7948289692401886,0.7031,21562078.0,0.36477495107632096
2340,0.00010751515151515153,233,0.7789664003998041,3869.52390426,1764937310.6748219,0.29536542296409607,0.7897031918168068,0.743,21653597.0,0.36634050880626223
2350,0.00010711111111111111,234,0.7638677936047316,3885.822942574,1764937326.9739742,0.22489523887634277,0.7876801133155823,0.7191,21742948.0,0.3679060665362035
2360,0.00010670707070707071,235,0.7784336533397436,3902.860451845,1764937344.0114076,0.19988466799259186,0.7839480936527252,0.7707,21840065.0,0.3694716242661448
2370,0.00010630303030303031,236,0.7486096024513245,3919.422505887,1764937360.573294,0.24584226310253143,0.7927757494151593,0.7389,21933382.0,0.3710371819960861
2380,0.0001058989898989899,237,0.7554512094706297,3936.093293119,1764937377.2442682,0.21919453144073486,0.7968068495392799,0.7136,22027246.0,0.3726027397260274
2390,0.00010549494949494949,238,0.8205389104783535,3952.401037326,1764937393.55202,0.2796519100666046,0.7766135841608047,0.7898,22117989.0,0.3741682974559687
2400,0.0001050909090909091,239,0.753631891310215,3969.604839404,1764937410.7556763,0.23678205907344818,0.7934768952429294,0.7361,22216546.0,0.37573385518590996
2410,0.0001046868686868687,240,0.735104114562273,3987.552614335,1764937428.7034822,0.21557457745075226,0.7918056569993496,0.7196,22303570.0,0.3772994129158513
2420,0.0001042828282828283,241,0.7201544236391783,4004.942005678,1764937446.0928788,0.21365131437778473,0.8045934312045574,0.687,22404936.0,0.37886497064579255
2430,0.00010387878787878788,242,0.6980179514735937,4022.051572681,1764937463.2024493,0.22861804068088531,0.7971699468791484,0.723,22500414.0,0.3804305283757339
2440,0.00010347474747474748,243,0.8029463086277246,4038.103255627,1764937479.2541664,0.22690625488758087,0.7796807661652565,0.7795,22586882.0,0.38199608610567515
2450,0.00010307070707070708,244,0.739708612114191,4054.231711544,1764937495.3827279,0.23084402084350586,0.7940770201385021,0.7023,22678153.0,0.3835616438356164
2460,0.00010266666666666666,245,0.7537348855286836,4071.352895719,1764937512.503832,0.22291438281536102,0.7893178880214691,0.7643,22783316.0,0.38512720156555774
2470,0.00010226262626262626,246,0.7277610916644335,4087.314507837,1764937528.4654088,0.24413196742534637,0.7974951937794685,0.7023,22874133.0,0.386692759295499
2480,0.00010185858585858586,247,0.7164523467421532,4103.971636594,1764937545.1225975,0.19890600442886353,0.8013016298413277,0.7148,22972218.0,0.38825831702544034
2490,0.00010145454545454547,248,0.7037962313741446,4119.824052354,1764937560.9750297,0.2063712626695633,0.8001449815928936,0.6689,23061336.0,0.3898238747553816
2500,0.00010105050505050506,249,0.7282529227435589,4136.816295866,1764937577.9673092,0.20445893704891205,0.8001464530825615,0.7269,23161170.0,0.3913894324853229
2510,0.00010064646464646465,250,0.727811505831778,4153.337181034,1764937594.4881585,0.24221377074718475,0.8016914129257202,0.7078,23252836.0,0.3929549902152642
2520,0.00010024242424242425,251,0.7688516173511744,4169.565967115,1764937610.7169147,0.25881052017211914,0.7830079734325409,0.7621,23342988.0,0.39452054794520547
2530,9.983838383838384e-05,252,0.7442610319703817,4186.354649425,1764937627.5055845,0.28355875611305237,0.7933158464729786,0.7501,23436517.0,0.3960861056751468
2540,9.943434343434343e-05,253,0.7615379765629768,4203.331788372,1764937644.4827259,0.22554002702236176,0.7941825732588768,0.7196,23533806.0,0.39765166340508806
2550,9.903030303030305e-05,254,0.6863680575042963,4219.112622716,1764937660.2636344,0.26694321632385254,0.8091087877750397,0.6405,23621880.0,0.39921722113502933
2560,9.862626262626263e-05,255,0.7628561571240425,4235.701107725,1764937676.8520405,0.2659927010536194,0.7922480329871178,0.7267,23716430.0,0.40078277886497066
2570,9.822222222222223e-05,256,0.7124412152916193,4252.005634782,1764937693.1566591,0.2928706407546997,0.8014432519674302,0.6796,23805677.0,0.4023483365949119
2580,9.781818181818183e-05,257,0.6844678457826376,4268.473593397,1764937709.6245334,0.20308242738246918,0.8021374888718128,0.6954,23901732.0,0.40391389432485325
2590,9.741414141414141e-05,258,0.7329168662428855,4285.216938397,1764937726.3678188,0.22026123106479645,0.7940156377851963,0.7279,23995647.0,0.4054794520547945
2600,9.701010101010102e-05,259,0.7524323098361492,4301.633341249,1764937742.784297,0.25816798210144043,0.789572897553444,0.7306,24086207.0,0.4070450097847358
2610,9.66060606060606e-05,260,0.739414987899363,4319.213598654,1764937760.3644743,0.25550487637519836,0.7985794462263585,0.7003,24178243.0,0.4086105675146771
2620,9.62020202020202e-05,261,0.7004278261214495,4335.551589403,1764937776.7026327,0.2851219177246094,0.804984001070261,0.6682,24268300.0,0.4101761252446184
2630,9.57979797979798e-05,262,0.7196581784635783,4352.358340084,1764937793.5093029,0.21871191263198853,0.7989186406135559,0.7237,24367077.0,0.4117416829745597
2640,9.53939393939394e-05,263,0.7998593151569366,4368.987046726,1764937810.138019,0.2343648076057434,0.7786197327077389,0.7792,24458248.0,0.413307240704501
2650,9.4989898989899e-05,264,0.7154214169830084,4385.182085974,1764937826.333044,0.25292569398880005,0.8000326074659825,0.6916,24547666.0,0.41487279843444225
2660,9.45858585858586e-05,265,0.703219598531723,4401.481067848,1764937842.6320276,0.19955457746982574,0.8002142027020455,0.6739,24642088.0,0.41643835616438357
2670,9.418181818181818e-05,266,0.7165859349071979,4418.339937501,1764937859.4908442,0.1982123702764511,0.8049656458199024,0.6773,24740382.0,0.41800391389432484
2680,9.377777777777779e-05,267,0.7458845380693674,4435.001853471,1764937876.15278,0.23489326238632202,0.7942589208483696,0.7425,24836356.0,0.41956947162426617
2690,9.337373737373738e-05,268,0.6997748203575611,4451.080798003,1764937892.2317567,0.22801367938518524,0.807019117474556,0.6761,24925864.0,0.42113502935420744
2700,9.296969696969697e-05,269,0.7104564491659403,4467.497479016,1764937908.6484559,0.2503740191459656,0.7975024208426476,0.7093,25021589.0,0.4227005870841487
2710,9.256565656565657e-05,270,0.7362997360527516,4484.045444493,1764937925.1964037,0.2215217649936676,0.7923656724393368,0.7217,25118259.0,0.42426614481409003
2720,9.216161616161617e-05,271,0.7995514772832394,4500.010087302,1764937941.1611233,0.24806885421276093,0.7815325006842613,0.7741,25210800.0,0.4258317025440313
2730,9.175757575757577e-05,272,0.6667363069951534,4516.430364684,1764937957.5812674,0.20061367750167847,0.8093476019799709,0.6528,25304550.0,0.4273972602739726
2740,9.135353535353535e-05,273,0.7874089743942022,4532.210043078,1764937973.361075,0.23869331181049347,0.7837261602282524,0.7371,25389838.0,0.4289628180039139
2750,9.094949494949495e-05,274,0.7430349450558424,4548.574565519,1764937989.7254894,0.22850126028060913,0.7997262798249721,0.7049,25480431.0,0.43052837573385516
2760,9.054545454545455e-05,275,0.7057948982343077,4564.947200733,1764938006.09786,0.25214052200317383,0.7985114827752113,0.6824,25570901.0,0.4320939334637965
2770,9.014141414141415e-05,276,0.7089910589158535,4582.057408449,1764938023.2082052,0.24980048835277557,0.7993005625903606,0.6826,25661889.0,0.43365949119373776
2780,8.973737373737374e-05,277,0.7255966298282146,4598.824570482,1764938039.9753613,0.20627200603485107,0.7944345109164714,0.7093,25758879.0,0.4352250489236791
2790,8.933333333333334e-05,278,0.7631303735077382,4615.738983436,1764938056.8897903,0.21502219140529633,0.785220105946064,0.7691,25855432.0,0.43679060665362035
2800,8.892929292929293e-05,279,0.7383455190807581,4632.942717781,1764938074.0937076,0.19225947558879852,0.7983983390033245,0.7233,25962419.0,0.4383561643835616
2810,8.852525252525254e-05,280,0.7623545568436384,4651.165033991,1764938092.3160753,0.2233804166316986,0.7829327322542667,0.7514,26054447.0,0.43992172211350294
2820,8.812121212121212e-05,281,0.7474166778847575,4666.997078082,1764938108.1481054,0.2137911468744278,0.795196957886219,0.7056,26140008.0,0.4414872798434442
2830,8.771717171717172e-05,282,0.7024634519591928,4683.42595361,1764938124.5769482,0.23953372240066528,0.8049204848706722,0.6818,26234887.0,0.44305283757338554
2840,8.731313131313132e-05,283,0.6902809280902147,4700.446424749,1764938141.5973296,0.2312159240245819,0.8050465799868107,0.6715,26337688.0,0.4446183953033268
2850,8.690909090909091e-05,284,0.7533348895609379,4717.719341137,1764938158.8703191,0.24865025281906128,0.7914403311908245,0.7379,26439365.0,0.4461839530332681
2860,8.650505050505051e-05,285,0.7685972869396209,4734.438642065,1764938175.589574,0.26180267333984375,0.7882308132946492,0.741,26531879.0,0.4477495107632094
2870,8.610101010101011e-05,286,0.7875592950731516,4751.331741328,1764938192.4826918,0.23078583180904388,0.7864274442195892,0.7551,26632208.0,0.44931506849315067
2880,8.56969696969697e-05,287,0.7717189442366361,4768.133227333,1764938209.2838705,0.21741558611392975,0.7876877143979073,0.7779,26731996.0,0.450880626223092
2890,8.52929292929293e-05,288,0.7570518504828214,4785.340606583,1764938226.49148,0.27713945508003235,0.79237150400877,0.7076,26828582.0,0.45244618395303327
2900,8.488888888888889e-05,289,0.7306145023554563,4801.987544461,1764938243.1384032,0.24902288615703583,0.7950943395495415,0.7152,26924524.0,0.45401174168297453
2910,8.448484848484849e-05,290,0.7531537357717752,4818.26308409,1764938259.4139097,0.2733333706855774,0.7907219640910625,0.7386,27008800.0,0.45557729941291586
2920,8.408080808080809e-05,291,0.6976431384682655,4834.154846267,1764938275.3057127,0.2510068416595459,0.8014940850436687,0.6755,27092550.0,0.45714285714285713
2930,8.367676767676767e-05,292,0.7524481285363436,4850.812383898,1764938291.9633045,0.24546897411346436,0.7918475300073624,0.7327,27185811.0,0.45870841487279845
2940,8.327272727272728e-05,293,0.7552210260182619,4867.149364234,1764938308.30033,0.2696807384490967,0.7862846955657006,0.7624,27280614.0,0.4602739726027397
2950,8.286868686868687e-05,294,0.7210691500455141,4884.033081754,1764938325.1839619,0.2572314441204071,0.7978467173874378,0.7086,27377939.0,0.461839530332681
2960,8.246464646464646e-05,295,0.710667448118329,4900.180806123,1764938341.331739,0.222324937582016,0.800175166875124,0.6969,27466079.0,0.4634050880626223
2970,8.206060606060606e-05,296,0.7570576464757324,4917.562972802,1764938358.7136996,0.18779920041561127,0.7932585962116718,0.7056,27560685.0,0.4649706457925636
2980,8.165656565656566e-05,297,0.7375150721520185,4933.908260052,1764938375.059128,0.19055359065532684,0.8015946507453918,0.6817,27647815.0,0.4665362035225049
2990,8.125252525252526e-05,298,0.7545172963291407,4950.734572587,1764938391.8855855,0.2775970697402954,0.7856635831296443,0.7548,27745812.0,0.4681017612524462
3000,8.084848484848486e-05,299,0.7252754215151072,4966.323246889,1764938407.47422,0.2755926251411438,0.8021609254181385,0.6897,27832205.0,0.46966731898238745
3010,8.044444444444444e-05,300,0.771607919037342,4983.989112916,1764938425.140135,0.28852227330207825,0.7897141240537167,0.759,27924168.0,0.4712328767123288
3020,8.004040404040405e-05,301,0.7295148074626923,5000.532827777,1764938441.6836727,0.24365882575511932,0.7962822504341602,0.7171,28016372.0,0.47279843444227004
3030,7.963636363636364e-05,302,0.693339241296053,5016.843614796,1764938457.994602,0.24440893530845642,0.8088222414255142,0.6411,28109966.0,0.47436399217221137
3040,7.923232323232323e-05,303,0.7134114313870669,5032.791410983,1764938473.942238,0.2773457467556,0.8023159310221673,0.6931,28194667.0,0.47592954990215264
3050,7.882828282828283e-05,304,0.6965910859405995,5049.6441302,1764938490.7950974,0.22845488786697388,0.8012953825294972,0.6806,28288227.0,0.4774951076320939
3060,7.842424242424243e-05,305,0.7467470321804285,5065.797880311,1764938506.948687,0.22653988003730774,0.7965902477502823,0.7285,28376040.0,0.47906066536203523
3070,7.802020202020203e-05,306,0.7238741254433989,5082.107874521,1764938523.2587602,0.2245553433895111,0.8028516598045826,0.7092,28473014.0,0.4806262230919765
3080,7.761616161616163e-05,307,0.7270958080887795,5099.288542137,1764938540.4394753,0.2325439304113388,0.7942819558084011,0.7086,28574031.0,0.4821917808219178
3090,7.721212121212121e-05,308,0.7411345429718494,5116.375975279,1764938557.5269372,0.27933269739151,0.7937484160065651,0.7237,28672987.0,0.4837573385518591
3100,7.680808080808081e-05,309,0.7110158454626798,5133.016064797,1764938574.166923,0.2704896628856659,0.8035422518849373,0.6638,28759811.0,0.48532289628180036
3110,7.64040404040404e-05,310,0.733643251657486,5149.590277208,1764938590.74116,0.27354297041893005,0.7915807433426381,0.7292,28851205.0,0.4868884540117417
3120,7.6e-05,311,0.7628995582461358,5165.777802382,1764938606.9287536,0.2782983183860779,0.7976619191467762,0.7188,28940601.0,0.48845401174168296
3130,7.55959595959596e-05,312,0.7384117776528001,5182.39697361,1764938623.5479698,0.22998274862766266,0.7976706966757774,0.6868,29033973.0,0.4900195694716243
3140,7.519191919191919e-05,313,0.7458662707358599,5198.889699517,1764938640.0406535,0.2753485143184662,0.795101335644722,0.7362,29126070.0,0.49158512720156555
3150,7.47878787878788e-05,314,0.7419124025851488,5215.749749696,1764938656.9007587,0.21217244863510132,0.7911807246506214,0.7356,29222915.0,0.4931506849315068
3160,7.438383838383838e-05,315,0.7664408396929503,5231.583454382,1764938672.7343452,0.26066723465919495,0.7830608405172825,0.7681,29304153.0,0.49471624266144815
3170,7.397979797979798e-05,316,0.7155390545725823,5248.391454157,1764938689.5422766,0.18930110335350037,0.8008274346590042,0.6922,29397397.0,0.4962818003913894
3180,7.357575757575758e-05,317,0.7384871115908027,5265.037229663,1764938706.1882243,0.24391794204711914,0.792171622812748,0.7348,29487957.0,0.49784735812133074
3190,7.317171717171718e-05,318,0.7383090108633041,5282.280213792,1764938723.431114,0.2753176689147949,0.7998940788209439,0.7273,29586784.0,0.499412915851272
3200,7.276767676767677e-05,319,0.7285670980811119,5298.859428257,1764938740.010343,0.26226627826690674,0.8023008286952973,0.6688,29676923.0,0.5009784735812133
3210,7.236363636363637e-05,320,0.7072784673422575,5316.149823999,1764938757.300704,0.21435117721557617,0.8036841183900834,0.6649,29763892.0,0.5025440313111545
3220,7.195959595959596e-05,321,0.7508447792381048,5332.723388841,1764938773.8742838,0.2819841802120209,0.7910756371915341,0.7463,29857416.0,0.5041095890410959
3230,7.155555555555555e-05,322,0.6835021201521159,5349.17902812,1764938790.3298676,0.24454069137573242,0.8045514039695263,0.664,29945847.0,0.5056751467710372
3240,7.115151515151515e-05,323,0.7152626976370812,5365.762575494,1764938806.9134927,0.23800967633724213,0.8028282195329666,0.7023,30037965.0,0.5072407045009785
3250,7.074747474747475e-05,324,0.7660688450559974,5381.55445501,1764938822.7054143,0.24617265164852142,0.7864619456231594,0.7476,30125959.0,0.5088062622309197
3260,7.034343434343435e-05,325,0.7080796953290701,5398.4990392,1764938839.6499367,0.2642277181148529,0.8023871898651123,0.6862,30219527.0,0.510371819960861
3270,6.993939393939393e-05,326,0.6835455903783441,5415.324842568,1764938856.4756958,0.2218293845653534,0.806542395055294,0.6441,30312166.0,0.5119373776908024
3280,6.953535353535354e-05,327,0.7040961120277643,5432.0288876,1764938873.1797864,0.31048282980918884,0.804262775182724,0.6812,30403313.0,0.5135029354207437
3290,6.913131313131314e-05,328,0.7287156552076339,5448.812009534,1764938889.9627957,0.27038171887397766,0.7923317961394787,0.7204,30499105.0,0.5150684931506849
3300,6.872727272727273e-05,329,0.7097081324085593,5465.422645569,1764938906.5735571,0.19463597238063812,0.8076607897877693,0.6631,30591129.0,0.5166340508806262
3310,6.832323232323232e-05,330,0.7290133379399777,5482.26417016,1764938923.4149826,0.2528870105743408,0.7941337332129479,0.7169,30690195.0,0.5181996086105675
3320,6.791919191919192e-05,331,0.7453998383134604,5498.58810516,1764938939.7391014,0.21471552550792694,0.7945678487420083,0.7136,30778139.0,0.5197651663405088
3330,6.751515151515152e-05,332,0.7280877225100995,5515.634592163,1764938956.7854624,0.2574877440929413,0.7905014425516128,0.7275,30873124.0,0.5213307240704501
3340,6.711111111111112e-05,333,0.7621462278068065,5532.061864338,1764938973.2127948,0.2484579086303711,0.7858094848692417,0.7647,30962810.0,0.5228962818003914
3350,6.67070707070707e-05,334,0.7334352880716324,5547.903424238,1764938989.0543044,0.26331502199172974,0.7980186909437179,0.6854,31051384.0,0.5244618395303327
3360,6.630303030303031e-05,335,0.7652362823486328,5564.71127825,1764939005.8621597,0.22942322492599487,0.7856194399297237,0.7379,31147832.0,0.5260273972602739
3370,6.589898989898991e-05,336,0.7114376284182071,5581.199159756,1764939022.3500762,0.21662378311157227,0.8031553871929645,0.7109,31241578.0,0.5275929549902153
3380,6.54949494949495e-05,337,0.7495438519865274,5598.003869916,1764939039.1546328,0.21925868093967438,0.7956949047744274,0.7188,31337380.0,0.5291585127201566
3390,6.50909090909091e-05,338,0.7225663904100657,5614.349125565,1764939055.5000699,0.24122056365013123,0.7991091884672642,0.7156,31425934.0,0.5307240704500978
3400,6.468686868686868e-05,339,0.7197427097707987,5630.954445681,1764939072.1054642,0.23761658370494843,0.8025141060352325,0.6829,31519628.0,0.5322896281800391
3410,6.428282828282829e-05,340,0.7760564785450697,5648.773229924,1764939089.9240668,0.25109508633613586,0.78221705108881,0.7474,31614973.0,0.5338551859099804
3420,6.387878787878789e-05,341,0.7278246235102415,5665.772223041,1764939106.9232063,0.26194146275520325,0.8033386118710041,0.6874,31713266.0,0.5354207436399218
3430,6.347474747474747e-05,342,0.6903053404763341,5682.118081663,1764939123.2691314,0.22100068628787994,0.8080894969403744,0.6649,31805527.0,0.536986301369863
3440,6.307070707070707e-05,343,0.676819608733058,5698.425957021,1764939139.576834,0.28136613965034485,0.8121769964694977,0.6526,31897032.0,0.5385518590998043
3450,6.266666666666667e-05,344,0.7225851327180862,5713.821441692,1764939154.9723754,0.27443617582321167,0.8003873087465763,0.6728,31978699.0,0.5401174168297456
3460,6.226262626262627e-05,345,0.6747636584565043,5730.27302243,1764939171.4239392,0.24974504113197327,0.809977599978447,0.6496,32072663.0,0.5416829745596868
3470,6.185858585858586e-05,346,0.7562152137979865,5747.407317522,1764939188.558188,0.2879979908466339,0.7948088020086288,0.704,32168552.0,0.5432485322896282
3480,6.145454545454545e-05,347,0.7021805919706822,5763.303589106,1764939204.4545014,0.22465378046035767,0.8045688420534134,0.6991,32251306.0,0.5448140900195695
3490,6.105050505050506e-05,348,0.7406394325196743,5779.851013598,1764939221.0019622,0.26271864771842957,0.7861379094421863,0.7438,32349215.0,0.5463796477495108
3500,6.064646464646465e-05,349,0.7008219167590142,5796.121958193,1764939237.2729566,0.22896625101566315,0.8024731121957303,0.6837,32435851.0,0.547945205479452
3510,6.024242424242424e-05,350,0.7466956295073033,5812.547848283,1764939253.6987295,0.3346945643424988,0.7935104943811894,0.7148,32531144.0,0.5495107632093933
3520,5.983838383838384e-05,351,0.7263921804726123,5829.345295973,1764939270.4962113,0.2902974486351013,0.8017860762774944,0.6857,32621170.0,0.5510763209393347
3530,5.9434343434343444e-05,352,0.7347843095660209,5845.978614056,1764939287.1295927,0.20820505917072296,0.795784379541874,0.7084,32713607.0,0.5526418786692759
3540,5.9030303030303035e-05,353,0.7305891837924718,5862.49338383,1764939303.6442938,0.24692827463150024,0.7972133435308933,0.71,32803904.0,0.5542074363992172
3550,5.8626262626262626e-05,354,0.7274859253317117,5878.990993959,1764939320.1419868,0.23141467571258545,0.7959270238876343,0.7137,32898615.0,0.5557729941291585
3560,5.8222222222222224e-05,355,0.7311268653720617,5894.812622663,1764939335.9634702,0.278035432100296,0.801463171839714,0.6849,32982951.0,0.5573385518590998
3570,5.7818181818181815e-05,356,0.7055369740352034,5911.169927979,1764939352.3209083,0.25567591190338135,0.8067717887461185,0.6491,33077096.0,0.5589041095890411
3580,5.741414141414142e-05,357,0.7631579600274563,5927.678438181,1764939368.8294055,0.30130112171173096,0.7892751663923263,0.7638,33166977.0,0.5604696673189824
3590,5.701010101010101e-05,358,0.7416924864053727,5943.880957424,1764939385.0319686,0.3148457407951355,0.7918176032602787,0.7139,33255986.0,0.5620352250489237
3600,5.660606060606061e-05,359,0.70446350350976,5960.151078289,1764939401.301779,0.296614408493042,0.7993279077112675,0.7089,33346910.0,0.5636007827788649
3610,5.62020202020202e-05,360,0.7626642365008592,5977.352746897,1764939418.503682,0.27062079310417175,0.7880091816186905,0.7309,33432780.0,0.5651663405088062
3620,5.5797979797979805e-05,361,0.6994650851935148,5993.833272579,1764939434.9841855,0.25324776768684387,0.7990975543856621,0.688,33527667.0,0.5667318982387476
3630,5.5393939393939396e-05,362,0.7601202260702848,6010.432126218,1764939451.5830579,0.27619636058807373,0.7949993796646595,0.7138,33621070.0,0.5682974559686889
3640,5.4989898989898994e-05,363,0.6388583987951278,6026.682551071,1764939467.8334978,0.24520455300807953,0.8172344714403152,0.6228,33718967.0,0.5698630136986301
3650,5.4585858585858585e-05,364,0.6921405006200075,6043.881986048,1764939485.0328686,0.24801653623580933,0.7994119770824909,0.6931,33822298.0,0.5714285714285714
3660,5.418181818181819e-05,365,0.7782972674816847,6060.503855295,1764939501.654856,0.23957481980323792,0.7853642977774143,0.7679,33917294.0,0.5729941291585127
3670,5.377777777777778e-05,366,0.7060489263385534,6076.26779551,1764939517.4188182,0.23364342749118805,0.804381114244461,0.6739,34010277.0,0.574559686888454
3680,5.337373737373738e-05,367,0.7197346828877926,6092.761483808,1764939533.9125,0.2476668506860733,0.7996046841144562,0.7089,34109273.0,0.5761252446183953
3690,5.296969696969697e-05,368,0.7299304177984596,6109.158395208,1764939550.3093734,0.23306965827941895,0.7978895179927349,0.7172,34206726.0,0.5776908023483366
3700,5.2565656565656575e-05,369,0.731410925462842,6126.159925918,1764939567.3108761,0.21342822909355164,0.794921699911356,0.708,34307219.0,0.5792563600782779
3710,5.2161616161616166e-05,370,0.730163462087512,6142.378906457,1764939583.529851,0.2762775421142578,0.7989102341234684,0.714,34393213.0,0.5808219178082191
3720,5.175757575757576e-05,371,0.752495912835002,6159.25941685,1764939600.410335,0.17853905260562897,0.7927336603403091,0.7011,34490001.0,0.5823874755381605
3730,5.1353535353535355e-05,372,0.7054187767207623,6175.056212095,1764939616.2070742,0.34489431977272034,0.8073204562067986,0.6649,34569952.0,0.5839530332681018
3740,5.0949494949494946e-05,373,0.6715581974014639,6191.724640701,1764939632.875599,0.2583816945552826,0.8096003979444504,0.6276,34658484.0,0.585518590998043
3750,5.054545454545455e-05,374,0.713336256891489,6207.985363461,1764939649.1363282,0.23818199336528778,0.7993787921965122,0.6992,34752266.0,0.5870841487279843
3760,5.014141414141414e-05,375,0.7119700327515602,6224.163107954,1764939665.3140688,0.237428680062294,0.7960665427148342,0.7079,34840048.0,0.5886497064579256
3770,4.973737373737374e-05,376,0.7253709774464369,6240.595341663,1764939681.746329,0.33645281195640564,0.7991139486432075,0.71,34935864.0,0.590215264187867
3780,4.933333333333334e-05,377,0.7238483108580113,6256.760082991,1764939697.9111032,0.2890382707118988,0.8032993458211422,0.6723,35024183.0,0.5917808219178082
3790,4.892929292929293e-05,378,0.7062418650835752,6273.438811246,1764939714.5897102,0.24163003265857697,0.7985991582274437,0.7177,35122036.0,0.5933463796477495
3800,4.852525252525253e-05,379,0.6986882567405701,6289.145409715,1764939730.2963762,0.2858920991420746,0.8039949558675289,0.683,35208478.0,0.5949119373776908
3810,4.8121212121212125e-05,380,0.7266786225140095,6307.031971219,1764939748.1828055,0.19603046774864197,0.7911006085574627,0.7143,35305071.0,0.596477495107632
3820,4.771717171717172e-05,381,0.7083051674067974,6323.552498641,1764939764.7032886,0.2550717890262604,0.8013166077435017,0.7219,35400725.0,0.5980430528375734
3830,4.7313131313131314e-05,382,0.6945117926225066,6340.02703555,1764939781.1779554,0.2563287317752838,0.8041964873671532,0.6704,35495429.0,0.5996086105675147
3840,4.690909090909091e-05,383,0.7193736456334591,6356.668500855,1764939797.8193974,0.21259333193302155,0.7993065156042576,0.6693,35598356.0,0.601174168297456
3850,4.650505050505051e-05,384,0.7248158551752567,6372.790787167,1764939813.9416773,0.2643764913082123,0.797598584741354,0.7059,35688803.0,0.6027397260273972
3860,4.610101010101011e-05,385,0.7937450475990773,6389.299922651,1764939830.4507792,0.28453975915908813,0.7852865159511566,0.7517,35773323.0,0.6043052837573386
3870,4.56969696969697e-05,386,0.7272301018238068,6406.387040705,1764939847.5380425,0.31948167085647583,0.7968564577400684,0.7257,35872178.0,0.6058708414872799
3880,4.529292929292929e-05,387,0.7250444959849119,6422.793290882,1764939863.9442744,0.25547149777412415,0.8013908214867115,0.6895,35964669.0,0.6074363992172211
3890,4.4888888888888894e-05,388,0.7951815698295832,6439.093482036,1764939880.2444448,0.2704772353172302,0.7800932973623276,0.7858,36055864.0,0.6090019569471624
3900,4.4484848484848485e-05,389,0.7677890732884407,6455.358332973,1764939896.5092092,0.28221991658210754,0.7950102731585502,0.7098,36148946.0,0.6105675146771037
3910,4.408080808080808e-05,390,0.7438720595091581,6472.231559525,1764939913.382451,0.2262864112854004,0.7947716757655143,0.7103,36244873.0,0.6121330724070451
3920,4.3676767676767674e-05,391,0.7324989646673202,6488.969387334,1764939930.1202354,0.2970416843891144,0.793849790841341,0.7037,36331427.0,0.6136986301369863
3930,4.327272727272728e-05,392,0.7265524309128523,6505.621040434,1764939946.771996,0.31365156173706055,0.7966101340949535,0.7115,36422822.0,0.6152641878669276
3940,4.286868686868687e-05,393,0.7366982374340296,6521.58954084,1764939962.7404861,0.27662330865859985,0.7913327127695083,0.7217,36510492.0,0.6168297455968689
3950,4.246464646464647e-05,394,0.721884461119771,6538.499196603,1764939979.6501584,0.22538410127162933,0.8007908426225185,0.7077,36604341.0,0.6183953033268101
3960,4.206060606060606e-05,395,0.7209721215069294,6555.237481299,1764939996.3884099,0.2917692959308624,0.7994182713329792,0.7052,36697426.0,0.6199608610567515
3970,4.165656565656566e-05,396,0.7101176224648953,6571.448810337,1764940012.5997698,0.23433415591716766,0.8036659173667431,0.6731,36791547.0,0.6215264187866928
3980,4.1252525252525255e-05,397,0.7522520508617163,6588.091453553,1764940029.242369,0.3211207687854767,0.792190995067358,0.7411,36885481.0,0.6230919765166341
3990,4.084848484848485e-05,398,0.720957750454545,6604.935806897,1764940046.0868196,0.21236224472522736,0.7990398272871971,0.692,36977687.0,0.6246575342465753
4000,4.0444444444444444e-05,399,0.6895407378673554,6622.186845857,1764940063.3376853,0.24023595452308655,0.8081058129668236,0.675,37075690.0,0.6262230919765166
4010,4.004040404040404e-05,400,0.6964650299400091,6639.768271742,1764940080.9192586,0.24794186651706696,0.8046594858169556,0.6678,37164537.0,0.627788649706458
4020,3.963636363636364e-05,401,0.7109377820044755,6656.425221884,1764940097.576081,0.29494017362594604,0.8002535872161388,0.6858,37263194.0,0.6293542074363992
4030,3.923232323232323e-05,402,0.7076899163424969,6673.651937713,1764940114.8028638,0.255403608083725,0.8009021498262883,0.6799,37360588.0,0.6309197651663405
4040,3.882828282828283e-05,403,0.7564660608768463,6690.239046886,1764940131.3900373,0.23244036734104156,0.7949032701551915,0.7391,37455523.0,0.6324853228962818
4050,3.842424242424243e-05,404,0.6899415269494057,6706.723035141,1764940147.8739479,0.2901797890663147,0.8068063728511333,0.6604,37551474.0,0.6340508806262231
4060,3.8020202020202025e-05,405,0.7088439013808966,6723.766136477,1764940164.9169977,0.23542006313800812,0.7967068649828434,0.7083,37654176.0,0.6356164383561644
4070,3.7616161616161616e-05,406,0.7281256902962923,6739.873784819,1764940181.0248024,0.24338002502918243,0.7956083908677101,0.715,37744073.0,0.6371819960861057
4080,3.7212121212121214e-05,407,0.7222788330167532,6755.846528557,1764940196.997456,0.2573082149028778,0.792981980741024,0.7071,37830987.0,0.638747553816047
4090,3.6808080808080805e-05,408,0.7471230037510395,6772.307008014,1764940213.4579914,0.23884665966033936,0.8009741961956024,0.6947,37921661.0,0.6403131115459882
4100,3.640404040404041e-05,409,0.7093030337244273,6788.674346452,1764940229.8252828,0.20464535057544708,0.8063517488539219,0.6642,38008002.0,0.6418786692759295
4110,3.6e-05,410,0.7407336378470063,6805.760476042,1764940246.9113941,0.23353435099124908,0.7871713124215602,0.752,38104628.0,0.6434442270058709
4120,3.55959595959596e-05,411,0.7335404817014932,6822.206764532,1764940263.3577433,0.24212679266929626,0.8013001188635827,0.6951,38198480.0,0.6450097847358122
4130,3.519191919191919e-05,412,0.7297328885644674,6837.695992937,1764940278.846906,0.26001060009002686,0.7988700531423092,0.692,38277044.0,0.6465753424657534
4140,3.4787878787878795e-05,413,0.7688156843185425,6854.423653906,1764940295.5745752,0.26536643505096436,0.7906150311231613,0.7353,38368835.0,0.6481409001956947
4150,3.4383838383838386e-05,414,0.7022680565714836,6870.610756296,1764940311.7616827,0.20517779886722565,0.8078003406524659,0.6566,38464180.0,0.649706457925636
4160,3.3979797979797984e-05,415,0.7141038969159126,6886.563163897,1764940327.7140315,0.2897721827030182,0.7996572121977806,0.6732,38547767.0,0.6512720156555774
4170,3.3575757575757575e-05,416,0.6655224587768316,6902.620498085,1764940343.7715046,0.23172695934772491,0.8100882835686207,0.6548,38642588.0,0.6528375733855186
4180,3.317171717171717e-05,417,0.7410039961338043,6919.136876274,1764940360.2878017,0.2863185405731201,0.7899041928350925,0.7457,38739211.0,0.6544031311154599
4190,3.276767676767677e-05,418,0.7395316597074271,6935.423234627,1764940376.57423,0.2739610970020294,0.7916575789451599,0.7189,38830417.0,0.6559686888454012
4200,3.236363636363636e-05,419,0.738805041089654,6952.102579387,1764940393.253597,0.2853899598121643,0.7983687378466129,0.726,38926905.0,0.6575342465753424
4210,3.195959595959596e-05,420,0.6943708309903741,6968.868826307,1764940410.019804,0.29391640424728394,0.8065951526165008,0.6839,39012793.0,0.6590998043052838
4220,3.155555555555556e-05,421,0.7064431995153427,6984.770999795,1764940425.922013,0.3044479787349701,0.8005793698132038,0.6911,39098593.0,0.6606653620352251
4230,3.1151515151515156e-05,422,0.7424936249852181,7001.114072204,1764940442.265079,0.28511589765548706,0.7928325958549977,0.7199,39188641.0,0.6622309197651663
4240,3.074747474747475e-05,423,0.719585905969143,7017.105233153,1764940458.2562025,0.2554093301296234,0.8072009138762951,0.6868,39278274.0,0.6637964774951076
4250,3.0343434343434345e-05,424,0.7269487980753183,7033.174868435,1764940474.3259103,0.29374563694000244,0.7932028278708458,0.7006,39369855.0,0.6653620352250489
4260,2.993939393939394e-05,425,0.6895701387897134,7049.403330437,1764940490.554188,0.33753514289855957,0.8002773657441139,0.6681,39466145.0,0.6669275929549903
4270,2.9535353535353537e-05,426,0.7550277724862099,7065.379693744,1764940506.530519,0.2634848356246948,0.7921063758432865,0.7448,39550537.0,0.6684931506849315
4280,2.913131313131313e-05,427,0.7026293063536286,7081.611548739,1764940522.7625751,0.24333040416240692,0.8071757085621357,0.6562,39639910.0,0.6700587084148728
4290,2.872727272727273e-05,428,0.7247652577236294,7097.225872345,1764940538.3768907,0.23598849773406982,0.7971048973500728,0.7056,39726610.0,0.6716242661448141
4300,2.8323232323232324e-05,429,0.7052715927362442,7113.212678425,1764940554.3636985,0.2619231939315796,0.8033173181116581,0.6901,39811975.0,0.6731898238747553
4310,2.7919191919191922e-05,430,0.736974760144949,7129.77157145,1764940570.9224982,0.23080439865589142,0.7947598479688167,0.6955,39908965.0,0.6747553816046967
4320,2.7515151515151516e-05,431,0.7250140488147736,7146.158117594,1764940587.309098,0.23574690520763397,0.8017999619245529,0.7019,39996100.0,0.676320939334638
4330,2.7111111111111114e-05,432,0.7038310870528222,7162.321609678,1764940603.4725735,0.23694397509098053,0.8021078191697597,0.6682,40086838.0,0.6778864970645793
4340,2.670707070707071e-05,433,0.7114757731556892,7177.966228485,1764940619.1171196,0.2741994857788086,0.804209665954113,0.6816,40168250.0,0.6794520547945205
4350,2.63030303030303e-05,434,0.7735102396458388,7194.008760631,1764940635.1597555,0.30911222100257874,0.7866885095834732,0.7654,40257184.0,0.6810176125244618
4360,2.58989898989899e-05,435,0.7014406464993954,7210.778730833,1764940651.929644,0.22781620919704437,0.7990138731896878,0.7061,40348410.0,0.6825831702544032
4370,2.5494949494949492e-05,436,0.71155886054039,7227.559128142,1764940668.7099912,0.24990880489349365,0.8014347039163112,0.7179,40439246.0,0.6841487279843445
4380,2.5090909090909094e-05,437,0.7306032620370388,7243.931917286,1764940685.082856,0.2301725149154663,0.8004978820681572,0.6968,40534896.0,0.6857142857142857
4390,2.4686868686868688e-05,438,0.6844299327582121,7260.884185514,1764940702.0351624,0.2565028965473175,0.8081145584583282,0.6741,40634332.0,0.687279843444227
4400,2.4282828282828286e-05,439,0.705168166384101,7277.021365983,1764940718.1723106,0.249320387840271,0.800271601229906,0.6768,40719431.0,0.6888454011741683
4410,2.387878787878788e-05,440,0.7323607072234154,7294.448702697,1764940735.599645,0.22815237939357758,0.7977646708488464,0.6924,40809176.0,0.6904109589041096
4420,2.347474747474748e-05,441,0.722435062378645,7310.43062067,1764940751.5816076,0.20523789525032043,0.7959507502615452,0.684,40901485.0,0.6919765166340509
4430,2.307070707070707e-05,442,0.7485749561339616,7326.844773762,1764940767.9957721,0.31589338183403015,0.7949954643845558,0.7257,40990966.0,0.6935420743639922
4440,2.2666666666666668e-05,443,0.7324232585728169,7342.843707886,1764940783.9946716,0.2926052510738373,0.7956498138606548,0.6988,41081072.0,0.6951076320939334
4450,2.2262626262626262e-05,444,0.7512702766805888,7359.112259165,1764940800.2632241,0.23067016899585724,0.7905619040131568,0.7476,41172997.0,0.6966731898238747
4460,2.185858585858586e-05,445,0.7386321812868119,7375.529538153,1764940816.6805007,0.2267104834318161,0.7954324282705784,0.7161,41269922.0,0.6982387475538161
4470,2.1454545454545455e-05,446,0.6910652752965689,7392.341364534,1764940833.4922414,0.2869309186935425,0.8033699497580529,0.6822,41369718.0,0.6998043052837574
4480,2.1050505050505052e-05,447,0.7590279702097178,7409.194390245,1764940850.3453314,0.22332336008548737,0.7891865581274032,0.7546,41473610.0,0.7013698630136986
4490,2.0646464646464647e-05,448,0.7096614744514227,7424.936649604,1764940866.0876284,0.24779124557971954,0.7981263443827629,0.6747,41558690.0,0.7029354207436399
4500,2.0242424242424245e-05,449,0.758676297403872,7441.618301921,1764940882.7692358,0.3379709720611572,0.7936978049576282,0.7237,41651391.0,0.7045009784735812
4510,1.983838383838384e-05,450,0.6991087060421706,7458.987048431,1764940900.1380942,0.2870215177536011,0.8052190728485584,0.701,41753555.0,0.7060665362035226
4520,1.9434343434343434e-05,451,0.7007439371198416,7474.874821719,1764940916.025801,0.22031772136688232,0.8005341365933418,0.7155,41842376.0,0.7076320939334638
4530,1.9030303030303032e-05,452,0.7063452418893575,7491.315813043,1764940932.465792,0.24308545887470245,0.8066467069089412,0.6444,41934098.0,0.7091976516634051
4540,1.8626262626262626e-05,453,0.7217891352251172,7507.553520622,1764940948.704248,0.3097090423107147,0.799117824435234,0.692,42020220.0,0.7107632093933464
4550,1.8222222222222224e-05,454,0.7277875402010977,7523.60449329,1764940964.7554572,0.2409210056066513,0.7963579341769218,0.7004,42107427.0,0.7123287671232876
4560,1.781818181818182e-05,455,0.7064491137862206,7539.888901579,1764940981.039844,0.25325512886047363,0.8030354797840118,0.6733,42198135.0,0.713894324853229
4570,1.7414141414141417e-05,456,0.7056702312082053,7556.318243878,1764940997.4691343,0.2777343988418579,0.8029770277440548,0.67,42294017.0,0.7154598825831703
4580,1.701010101010101e-05,457,0.734969862550497,7573.307932576,1764941014.4588766,0.24433133006095886,0.7929992854595185,0.7064,42394928.0,0.7170254403131116
4590,1.6606060606060606e-05,458,0.6811168514192104,7589.431228507,1764941030.5820699,0.2487267553806305,0.8102149501442909,0.6496,42484499.0,0.7185909980430528
4600,1.62020202020202e-05,459,0.6865049358457327,7606.033442969,1764941047.1844234,0.26843592524528503,0.8106491565704346,0.6498,42583337.0,0.7201565557729941
4610,1.5797979797979798e-05,460,0.7689090944826603,7623.466703678,1764941064.617683,0.30441343784332275,0.7892291411757469,0.7395,42671648.0,0.7217221135029355
4620,1.5393939393939393e-05,461,0.7168152552098036,7640.086749318,1764941081.2376747,0.25252440571784973,0.7990518033504486,0.7054,42764729.0,0.7232876712328767
4630,1.498989898989899e-05,462,0.7073227755725384,7657.288168122,1764941098.4391618,0.3075074255466461,0.8019017763435841,0.7028,42863743.0,0.724853228962818
4640,1.4585858585858587e-05,463,0.6989457552321255,7673.807616896,1764941114.958648,0.21263450384140015,0.8065304234623909,0.6864,42958254.0,0.7264187866927593
4650,1.4181818181818181e-05,464,0.7181074868887662,7690.749122922,1764941131.9001086,0.23464596271514893,0.8045874781906605,0.6757,43059087.0,0.7279843444227005
4660,1.3777777777777778e-05,465,0.741248982399702,7707.021648828,1764941148.172672,0.24952232837677002,0.79725476577878,0.7237,43154801.0,0.7295499021526419
4670,1.3373737373737374e-05,466,0.718838120251894,7723.241023129,1764941164.3919613,0.25067296624183655,0.8001505449414253,0.6989,43245024.0,0.7311154598825832
4680,1.296969696969697e-05,467,0.6892407789826394,7739.687242054,1764941180.838184,0.2598171532154083,0.7999788515269757,0.7153,43336674.0,0.7326810176125245
4690,1.2565656565656566e-05,468,0.7041498757898808,7755.708979566,1764941196.859958,0.42839738726615906,0.8069060802459717,0.6926,43424355.0,0.7342465753424657
4700,1.2161616161616162e-05,469,0.6827407538890838,7772.057549913,1764941213.2082605,0.33399173617362976,0.8105323486030102,0.6378,43512018.0,0.735812133072407
4710,1.1757575757575757e-05,470,0.6697044674307108,7788.445087684,1764941229.5960128,0.2140057533979416,0.8146475248038769,0.6577,43606722.0,0.7373776908023484
4720,1.1353535353535353e-05,471,0.6829621884971857,7805.28068804,1764941246.4316761,0.24541713297367096,0.8105094708502293,0.6597,43706066.0,0.7389432485322897
4730,1.094949494949495e-05,472,0.6888336408883333,7821.665362285,1764941262.816313,0.22188447415828705,0.8021016582846642,0.6771,43801426.0,0.7405088062622309
4740,1.0545454545454546e-05,473,0.7073519997298717,7837.734432184,1764941278.885397,0.2497921735048294,0.8059728108346462,0.6657,43895463.0,0.7420743639921722
4750,1.0141414141414142e-05,474,0.7054831532761454,7854.160535997,1764941295.311519,0.25561240315437317,0.7978587366640568,0.6984,43990946.0,0.7436399217221135
4760,9.737373737373738e-06,475,0.723249651864171,7870.691581155,1764941311.8425055,0.2345181554555893,0.7964076042175293,0.7279,44084824.0,0.7452054794520548
4770,9.333333333333334e-06,476,0.6680130593478679,7887.244528266,1764941328.3954422,0.20426176488399506,0.813627977669239,0.6434,44179058.0,0.7467710371819961
4780,8.92929292929293e-06,477,0.7438756627961993,7903.903244073,1764941345.0541267,0.2351090908050537,0.8020112320780755,0.7036,44269564.0,0.7483365949119374
4790,8.525252525252525e-06,478,0.7448774095624685,7920.147722641,1764941361.2986798,0.23999238014221191,0.7893051959574222,0.7199,44359770.0,0.7499021526418786
4800,8.121212121212121e-06,479,0.7550738580524922,7936.533240667,1764941377.684272,0.26584914326667786,0.7878897249698639,0.7694,44452424.0,0.7514677103718199
4810,7.717171717171717e-06,480,0.6757518570870161,7953.972076541,1764941395.123098,0.23698356747627258,0.8162186935544014,0.6247,44548653.0,0.7530332681017613
4820,7.313131313131314e-06,481,0.7505851566791535,7970.345969709,1764941411.4968374,0.27854427695274353,0.7964024238288403,0.6823,44641258.0,0.7545988258317026
4830,6.909090909090909e-06,482,0.7183429028838872,7987.14494599,1764941428.2959194,0.24258586764335632,0.7973030917346478,0.6958,44736644.0,0.7561643835616438
4840,6.505050505050505e-06,483,0.7022655710577965,8003.304812384,1764941444.4557889,0.23752231895923615,0.8042710289359093,0.6593,44825782.0,0.7577299412915851
4850,6.101010101010101e-06,484,0.6681134449318051,8019.500147179,1764941460.6511536,0.25334930419921875,0.8121298871934414,0.645,44915448.0,0.7592954990215264
4860,5.696969696969697e-06,485,0.7280913807451725,8036.209784652,1764941477.360805,0.24628621339797974,0.802610094845295,0.6939,45014889.0,0.7608610567514678
4870,5.292929292929293e-06,486,0.738388680294156,8053.101998887,1764941494.2529783,0.287139892578125,0.7930447921156883,0.7083,45115794.0,0.762426614481409
4880,4.888888888888889e-06,487,0.69384097866714,8069.829772915,1764941510.9806855,0.21273508667945862,0.8066322915256023,0.6681,45211803.0,0.7639921722113503
4890,4.484848484848485e-06,488,0.7191666532307863,8086.440369282,1764941527.5914085,0.31618401408195496,0.7955795966088772,0.7292,45310167.0,0.7655577299412916
4900,4.080808080808081e-06,489,0.7223157323896885,8102.189168058,1764941543.3401675,0.19067563116550446,0.7995951667428016,0.7156,45401195.0,0.7671232876712328
4910,3.676767676767677e-06,490,0.7376596204936504,8118.292326545,1764941559.443243,0.2618734836578369,0.7926263026893139,0.7115,45488722.0,0.7686888454011742
4920,3.2727272727272733e-06,491,0.7517893202602863,8134.528181485,1764941575.679112,0.2990086078643799,0.7936917014420033,0.7151,45579804.0,0.7702544031311155
4930,2.8686868686868687e-06,492,0.7432556672021746,8150.99410858,1764941592.145047,0.21914677321910858,0.7951720952987671,0.7191,45679066.0,0.7718199608610568
4940,2.4646464646464645e-06,493,0.7681063249707222,8167.764117211,1764941608.9150684,0.24641576409339905,0.7848926275968552,0.7783,45780155.0,0.773385518590998
4950,2.0606060606060607e-06,494,0.7344702631235123,8183.996752699,1764941625.147711,0.25719153881073,0.795654046535492,0.7246,45871180.0,0.7749510763209393
4960,1.6565656565656565e-06,495,0.7205924440175295,8200.477324418,1764941641.6282675,0.26295676827430725,0.7968736745417118,0.7356,45961221.0,0.7765166340508807
4970,1.2525252525252527e-06,496,0.681188921816647,8217.354931518,1764941658.505913,0.30234527587890625,0.8084829829633235,0.6701,46058796.0,0.7780821917808219
4980,8.484848484848486e-07,497,0.697352260351181,8232.681219884,1764941673.832148,0.2734684348106384,0.8030979804694652,0.6724,46144999.0,0.7796477495107632
4990,4.444444444444445e-07,498,0.7226398654282093,8248.960599682,1764941690.1115694,0.2325296252965927,0.7968451797962188,0.7062,46237361.0,0.7812133072407045
5000,4.040404040404041e-08,499,0.7036377336829901,8265.544840694,1764941706.695743,0.30612391233444214,0.803829088062048,0.6931,46330251.0,0.7827788649706457
5000,,500,,8266.69121154,1764941707.842354,,,,,0.7827788649706457
